Unnamed: 0,user_id,name,username,following_agentid_list,previous_tweets,user_char,description,activity_vector
0,38210037,user_0,user0,[],[],Lecturer in Healthcare Marketing and Commercialisation at UCL Global Business School for Health,Lecturer in Healthcare Marketing and Commercialisation at UCL Global Business School for Health,"[0.05, 0.03, 0.02, 0.01, 0.0, 0.02, 0.09, 0.34, 0.25, 0.19, 0.33, 0.4, 0.51, 0.64, 0.66, 0.76, 0.85, 0.93, 0.83, 0.84, 0.75, 0.53, 0.2, 0.13]"
1,36212060,user_1,user1,[32],[],"✩ 🇬🇾🍉 I dance on tiktok, and cry in bed","✩ 🇬🇾🍉 I dance on tiktok, and cry in bed","[0.04, 0.04, 0.0, 0.0, 0.0, 0.01, 0.17, 0.48, 0.39, 0.3, 0.39, 0.52, 0.57, 0.54, 0.45, 0.62, 0.69, 0.81, 0.76, 0.67, 0.63, 0.45, 0.18, 0.12]"
2,282859010,user_2,user2,[32],[],Cook.Ride.Explore.,Cook.Ride.Explore.,"[0.04, 0.0, 0.01, 0.0, 0.0, 0.03, 0.17, 0.51, 0.38, 0.28, 0.41, 0.5, 0.56, 0.5, 0.47, 0.63, 0.74, 0.8, 0.83, 0.66, 0.6, 0.36, 0.19, 0.06]"
3,33961330,user_3,user3,[32],[],"Software engineer at @stockx, music lover, whiskey aficionado, book reader, proud @oaklandu alum.","Software engineer at @stockx, music lover, whiskey aficionado, book reader, proud @oaklandu alum.","[0.02, 0.03, 0.0, 0.01, 0.05, 0.09, 0.16, 0.77, 0.36, 0.19, 0.15, 0.2, 0.71, 0.28, 0.22, 0.21, 0.25, 0.81, 0.88, 0.79, 0.58, 0.42, 0.09, 0.02]"
4,21687246,user_4,user4,[],[],Social Media Strategist 🧠 I Coach 👩🏻‍💻 I Consultant 🤝,Social Media Strategist 🧠 I Coach 👩🏻‍💻 I Consultant 🤝,"[0.1, 0.02, 0.06, 0.03, 0.03, 0.02, 0.25, 0.45, 0.38, 0.29, 0.43, 0.47, 0.64, 0.55, 0.47, 0.61, 0.65, 0.79, 0.75, 0.75, 0.59, 0.44, 0.23, 0.14]"
5,2125671,user_5,user5,[],[],,,"[0.02, 0.06, 0.0, 0.05, 0.01, 0.06, 0.23, 0.5, 0.38, 0.27, 0.36, 0.52, 0.59, 0.47, 0.54, 0.58, 0.69, 0.78, 0.81, 0.71, 0.61, 0.38, 0.18, 0.08]"
6,429707643,user_6,user6,[],[],,,"[0.09, 0.0, 0.04, 0.0, 0.0, 0.06, 0.2, 0.49, 0.38, 0.31, 0.39, 0.52, 0.6, 0.51, 0.51, 0.65, 0.73, 0.79, 0.84, 0.73, 0.56, 0.42, 0.23, 0.12]"
7,446811905,user_7,user7,[32],[],,,"[0.01, 0.05, 0.0, 0.03, 0.06, 0.05, 0.2, 0.46, 0.38, 0.3, 0.42, 0.53, 0.59, 0.46, 0.48, 0.64, 0.67, 0.8, 0.84, 0.65, 0.61, 0.45, 0.17, 0.1]"
8,18138649,user_8,user8,[32],[],"Jill of all Trades for TV/Film (create, write, produce, consult) currently w/Netflix ... writer, Christian, educator, cat mom, Townie & one girl revolution","Jill of all Trades for TV/Film (create, write, produce, consult) currently w/Netflix ... writer, Christian, educator, cat mom, Townie & one girl revolution","[0.05, 0.06, 0.05, 0.01, 0.0, 0.0, 0.19, 0.79, 0.4, 0.2, 0.21, 0.2, 0.73, 0.32, 0.21, 0.19, 0.28, 0.85, 0.88, 0.77, 0.56, 0.45, 0.06, 0.03]"
9,14529063,user_9,user9,[32],[],"Beach bum, web developer, nerd 🤓, crocheter, avid reader 📚, a singer in the shower, a notorious heart breaker. I blog about books @ https://t.co/JjnKtEnq4R","Beach bum, web developer, nerd 🤓, crocheter, avid reader 📚, a singer in the shower, a notorious heart breaker. I blog about books @ https://t.co/JjnKtEnq4R","[0.0, 0.02, 0.01, 0.0, 0.0, 0.02, 0.19, 0.47, 0.36, 0.28, 0.37, 0.54, 0.65, 0.45, 0.52, 0.61, 0.74, 0.82, 0.8, 0.72, 0.59, 0.42, 0.23, 0.1]"
10,837677670,user_10,user10,[103],[],Chef de projet senior l'@AcademieService - #Relationclient #Management #CultureService #Digital #CustExp #theatre,Chef de projet senior l'@AcademieService - #Relationclient #Management #CultureService #Digital #CustExp #theatre,"[0.08, 0.0, 0.02, 0.03, 0.01, 0.02, 0.17, 0.53, 0.37, 0.26, 0.42, 0.55, 0.55, 0.5, 0.53, 0.61, 0.72, 0.78, 0.84, 0.72, 0.6, 0.36, 0.19, 0.12]"
11,124851931,user_11,user11,[32],[],"Game Dev.  (Re)Tweets feature Tech, IndieDev, Start-ups, Renewables, Film, T.V., Books & Jokes.
Views do not represent the views of my employer.","Game Dev.  (Re)Tweets feature Tech, IndieDev, Start-ups, Renewables, Film, T.V., Books & Jokes.
Views do not represent the views of my employer.","[0.02, 0.0, 0.01, 0.03, 0.0, 0.05, 0.15, 0.5, 0.44, 0.34, 0.42, 0.46, 0.64, 0.54, 0.47, 0.61, 0.65, 0.76, 0.78, 0.67, 0.63, 0.43, 0.18, 0.08]"
12,31734795,user_12,user12,[32],[],"Doctor of Pharmacy, iPhotographer, Vegan; Fierce Lover of Literature, the Arcane and Esoteric. INTJ.","Doctor of Pharmacy, iPhotographer, Vegan; Fierce Lover of Literature, the Arcane and Esoteric. INTJ.","[0.02, 0.04, 0.0, 0.01, 0.0, 0.09, 0.24, 0.45, 0.45, 0.26, 0.38, 0.51, 0.64, 0.54, 0.45, 0.6, 0.71, 0.8, 0.83, 0.67, 0.63, 0.35, 0.16, 0.06]"
13,14934122,user_13,user13,[32],[],"Manager, Media Sales @expedia / marketing pro / technology freak / travel enthusiast / full time father / devoted husband / crazed @seahawks fan, normal dude","Manager, Media Sales @expedia / marketing pro / technology freak / travel enthusiast / full time father / devoted husband / crazed @seahawks fan, normal dude","[0.04, 0.0, 0.04, 0.06, 0.06, 0.05, 0.21, 0.83, 0.41, 0.22, 0.15, 0.18, 0.66, 0.34, 0.19, 0.22, 0.28, 0.78, 0.85, 0.79, 0.64, 0.37, 0.08, 0.09]"
14,105779761,user_14,user14,[32],[],,,"[0.05, 0.05, 0.05, 0.0, 0.0, 0.1, 0.2, 0.48, 0.4, 0.27, 0.43, 0.48, 0.6, 0.45, 0.52, 0.57, 0.74, 0.79, 0.83, 0.73, 0.64, 0.36, 0.18, 0.1]"
15,2788072188,user_15,user15,[],[],we’ll catch each other in another life 🍉🇵🇸,we’ll catch each other in another life 🍉🇵🇸,"[0.08, 0.0, 0.0, 0.0, 0.0, 0.05, 0.18, 0.48, 0.36, 0.27, 0.44, 0.48, 0.62, 0.54, 0.53, 0.57, 0.67, 0.75, 0.75, 0.67, 0.65, 0.39, 0.23, 0.1]"
16,268065930,user_16,user16,[32],[],"West Leyden High School Librarian, District # 212/ AISLE 2019 School Librarian of the Year & AISLE President https://t.co/qOgSrNCW2N","West Leyden High School Librarian, District # 212/ AISLE 2019 School Librarian of the Year & AISLE President https://t.co/qOgSrNCW2N","[0.02, 0.01, 0.02, 0.0, 0.0, 0.0, 0.12, 0.27, 0.16, 0.24, 0.31, 0.36, 0.52, 0.57, 0.68, 0.78, 0.92, 0.9, 0.77, 0.79, 0.66, 0.54, 0.21, 0.1]"
17,35654766,user_17,user17,[32],[],"@ohiostate alumni. High tech marketer, salon entrepreneur, & web design enthusiast. Fashion & food are my passions. Views are my own.","@ohiostate alumni. High tech marketer, salon entrepreneur, & web design enthusiast. Fashion & food are my passions. Views are my own.","[0.03, 0.02, 0.0, 0.0, 0.04, 0.07, 0.21, 0.51, 0.35, 0.29, 0.44, 0.46, 0.64, 0.54, 0.46, 0.62, 0.71, 0.81, 0.8, 0.68, 0.58, 0.41, 0.19, 0.13]"
18,16509845,user_18,user18,[32],[],Answers you want. Content for days. What more could you Ask for?,Answers you want. Content for days. What more could you Ask for?,"[0.07, 0.02, 0.05, 0.0, 0.05, 0.08, 0.22, 0.55, 0.38, 0.25, 0.41, 0.53, 0.62, 0.45, 0.46, 0.58, 0.72, 0.84, 0.77, 0.72, 0.62, 0.39, 0.23, 0.13]"
19,2531945155,user_19,user19,[32],[],"manager in billionaires club.,....also a scientist.....biochemist and pharmacist!","manager in billionaires club.,....also a scientist.....biochemist and pharmacist!","[0.0, 0.04, 0.0, 0.0, 0.0, 0.01, 0.22, 0.83, 0.45, 0.21, 0.17, 0.2, 0.7, 0.27, 0.16, 0.2, 0.27, 0.8, 0.89, 0.82, 0.59, 0.44, 0.13, 0.06]"
20,18242160,user_20,user20,"[55, 32]",[],"Buchautor, webworker, Blogger, Onlineshop SEO, OnlineMarketing","Buchautor, webworker, Blogger, Onlineshop SEO, OnlineMarketing","[0.02, 0.05, 0.05, 0.04, 0.0, 0.07, 0.19, 0.8, 0.42, 0.17, 0.18, 0.22, 0.73, 0.34, 0.23, 0.15, 0.26, 0.83, 0.87, 0.78, 0.64, 0.44, 0.11, 0.02]"
21,16529278,user_21,user21,[32],[],"Host, Journalist, Proud Mom Facebook:https://t.co/xRqGR8uDfB Website:https://t.co/ncPENKuiBd","Host, Journalist, Proud Mom Facebook:https://t.co/xRqGR8uDfB Website:https://t.co/ncPENKuiBd","[0.0, 0.0, 0.03, 0.0, 0.0, 0.01, 0.18, 0.82, 0.38, 0.21, 0.16, 0.24, 0.66, 0.27, 0.2, 0.24, 0.33, 0.85, 0.93, 0.79, 0.59, 0.42, 0.08, 0.09]"
22,158743792,user_22,user22,[],[],Human after all.,Human after all.,"[0.02, 0.02, 0.0, 0.05, 0.0, 0.03, 0.18, 0.52, 0.37, 0.33, 0.35, 0.51, 0.63, 0.52, 0.47, 0.55, 0.73, 0.85, 0.82, 0.68, 0.63, 0.42, 0.19, 0.11]"
23,48005920,user_23,user23,[32],[],Chief Media Strategist,Chief Media Strategist,"[0.05, 0.06, 0.04, 0.0, 0.0, 0.07, 0.17, 0.49, 0.41, 0.29, 0.35, 0.54, 0.64, 0.48, 0.51, 0.65, 0.73, 0.76, 0.78, 0.68, 0.63, 0.41, 0.16, 0.05]"
24,15182691,user_24,user24,[],[],Avid lols trader. Prone to philosophical seizures. Usually types before thinking.,Avid lols trader. Prone to philosophical seizures. Usually types before thinking.,"[0.1, 0.04, 0.06, 0.0, 0.0, 0.07, 0.25, 0.48, 0.36, 0.29, 0.38, 0.49, 0.62, 0.54, 0.5, 0.57, 0.72, 0.81, 0.8, 0.74, 0.63, 0.38, 0.21, 0.12]"
25,187260439,user_25,user25,[32],[],,,"[0.09, 0.03, 0.0, 0.0, 0.0, 0.01, 0.22, 0.49, 0.41, 0.29, 0.39, 0.46, 0.59, 0.51, 0.47, 0.6, 0.68, 0.82, 0.79, 0.73, 0.6, 0.4, 0.19, 0.15]"
26,127677830,user_26,user26,[32],[],"NY native, dog park lurker, gin enthusiast","NY native, dog park lurker, gin enthusiast","[0.7, 0.62, 0.4, 0.25, 0.06, 0.03, 0.02, 0.04, 0.04, 0.05, 0.02, 0.18, 0.5, 0.42, 0.27, 0.37, 0.5, 0.58, 0.53, 0.48, 0.58, 0.75, 0.84, 0.81]"
27,103352503,user_27,user27,[32],[],I'll Tweet my life sometimes ....I'll tweet what seems cool... I tweet massive amounts that was my WARNING lol Gaming Sports Music Fashion,I'll Tweet my life sometimes ....I'll tweet what seems cool... I tweet massive amounts that was my WARNING lol Gaming Sports Music Fashion,"[0.04, 0.05, 0.03, 0.05, 0.0, 0.1, 0.24, 0.47, 0.42, 0.32, 0.44, 0.54, 0.62, 0.54, 0.47, 0.58, 0.69, 0.83, 0.77, 0.67, 0.56, 0.38, 0.23, 0.07]"
28,61209773,user_28,user28,"[32, 21]",[],The Greatest Affirmation of Life: Embracing the Inevitability. Turning the flight from death into the pursuit of life. May we always remember.  ~ Sunny ❤,The Greatest Affirmation of Life: Embracing the Inevitability. Turning the flight from death into the pursuit of life. May we always remember.  ~ Sunny ❤,"[0.7, 0.58, 0.39, 0.23, 0.11, 0.07, 0.03, 0.0, 0.0, 0.04, 0.05, 0.17, 0.54, 0.45, 0.35, 0.37, 0.55, 0.57, 0.45, 0.54, 0.64, 0.68, 0.77, 0.79]"
29,802812852,user_29,user29,[32],[],,,"[0.09, 0.0, 0.0, 0.04, 0.01, 0.05, 0.22, 0.53, 0.43, 0.32, 0.37, 0.52, 0.56, 0.49, 0.51, 0.58, 0.68, 0.82, 0.83, 0.73, 0.55, 0.44, 0.23, 0.15]"
30,2327585502,user_30,user30,[],[],"Lead PM for AI @Zapier. Co-founder @cocoNFT (acquired). NYer at heart. Beautiful BC since 2012. Lover of all things tech, food, and dogs. He/him","Lead PM for AI @Zapier. Co-founder @cocoNFT (acquired). NYer at heart. Beautiful BC since 2012. Lover of all things tech, food, and dogs. He/him","[0.77, 0.61, 0.42, 0.12, 0.0, 0.02, 0.0, 0.03, 0.0, 0.06, 0.03, 0.25, 0.77, 0.41, 0.19, 0.16, 0.2, 0.7, 0.33, 0.24, 0.16, 0.27, 0.85, 0.87]"
31,385873148,user_31,user31,[32],[],#Innovation tweets,#Innovation tweets,"[0.03, 0.07, 0.04, 0.06, 0.0, 0.01, 0.24, 0.46, 0.36, 0.3, 0.36, 0.49, 0.62, 0.49, 0.45, 0.57, 0.69, 0.76, 0.78, 0.74, 0.58, 0.38, 0.19, 0.13]"
32,972651,user_32,user32,[21],"['report: amazon plans to open its first physical store, in new york URL']",Mashable is for superfans. We're not for the casually curious. Obsess with us.,Mashable is for superfans. We're not for the casually curious. Obsess with us.,"[0.09, 0.01, 0.02, 0.06, 0.03, 0.08, 0.16, 0.54, 0.41, 0.31, 0.36, 0.48, 0.62, 0.49, 0.51, 0.62, 0.71, 0.75, 0.81, 0.73, 0.64, 0.36, 0.24, 0.1]"
33,487686275,user_33,user33,[],[],*reposts lots of random stuff: you were warned*,*reposts lots of random stuff: you were warned*,"[0.02, 0.01, 0.0, 0.0, 0.05, 0.02, 0.15, 0.55, 0.42, 0.3, 0.45, 0.49, 0.56, 0.49, 0.47, 0.65, 0.74, 0.8, 0.79, 0.7, 0.62, 0.37, 0.21, 0.06]"
34,69935800,user_34,user34,[32],[],"Tu contacto en Las Vegas, escríbeme! | | #Localguides | Look my pics 👉 #CetyTour #CetyPhoto | Instagram: Cety. ☺📷","Tu contacto en Las Vegas, escríbeme! | | #Localguides | Look my pics 👉 #CetyTour #CetyPhoto | Instagram: Cety. ☺📷","[0.0, 0.05, 0.0, 0.02, 0.0, 0.09, 0.19, 0.48, 0.37, 0.29, 0.35, 0.51, 0.64, 0.51, 0.53, 0.63, 0.68, 0.83, 0.78, 0.66, 0.62, 0.4, 0.21, 0.09]"
35,27519265,user_35,user35,[],[],"Advanced Dex Trading System BullX : https://t.co/Y3z31E2Evd
Trojan Solana : https://t.co/wKyxQAh04E","Advanced Dex Trading System BullX : https://t.co/Y3z31E2Evd
Trojan Solana : https://t.co/wKyxQAh04E","[0.05, 0.0, 0.0, 0.0, 0.04, 0.01, 0.21, 0.48, 0.42, 0.32, 0.43, 0.45, 0.64, 0.47, 0.48, 0.65, 0.67, 0.85, 0.83, 0.67, 0.56, 0.4, 0.19, 0.06]"
36,97781259,user_36,user36,[32],[],"I love music. W/ American Military, fave b Marines. Defense Industries. Space Industries. Cyborgdyne Systems. Praise The Lord #Livestrong #FallonTonight 🎾🏀","I love music. W/ American Military, fave b Marines. Defense Industries. Space Industries. Cyborgdyne Systems. Praise The Lord #Livestrong #FallonTonight 🎾🏀","[0.07, 0.03, 0.06, 0.0, 0.04, 0.04, 0.17, 0.48, 0.41, 0.25, 0.44, 0.54, 0.61, 0.47, 0.47, 0.55, 0.67, 0.79, 0.8, 0.67, 0.6, 0.37, 0.22, 0.1]"
37,39603334,user_37,user37,[32],[],"Assistant Professor at St. John Fisher College | #PR #Media #Communication | @FredoniaU & @NYUniversity Grad | Mom, Wine, travel, #FLX #ROC","Assistant Professor at St. John Fisher College | #PR #Media #Communication | @FredoniaU & @NYUniversity Grad | Mom, Wine, travel, #FLX #ROC","[0.84, 0.66, 0.46, 0.16, 0.09, 0.09, 0.01, 0.0, 0.02, 0.02, 0.03, 0.06, 0.32, 0.18, 0.23, 0.33, 0.41, 0.49, 0.65, 0.74, 0.77, 0.91, 0.91, 0.82]"
38,23508588,user_38,user38,[],[],,,"[0.04, 0.06, 0.05, 0.03, 0.02, 0.06, 0.17, 0.49, 0.38, 0.26, 0.38, 0.49, 0.6, 0.54, 0.5, 0.61, 0.7, 0.82, 0.8, 0.73, 0.65, 0.44, 0.18, 0.1]"
39,244185372,user_39,user39,[32],[],CEO @HisaApp | @JukwaaSports | Not Financial Advice,CEO @HisaApp | @JukwaaSports | Not Financial Advice,"[0.01, 0.04, 0.04, 0.0, 0.02, 0.05, 0.2, 0.8, 0.41, 0.24, 0.23, 0.24, 0.74, 0.29, 0.23, 0.24, 0.31, 0.78, 0.91, 0.84, 0.55, 0.44, 0.12, 0.03]"
40,2809464808,user_40,user40,"[32, 67]",[],Marketing and Behavioral Research Enthusiast.,Marketing and Behavioral Research Enthusiast.,"[0.04, 0.0, 0.04, 0.0, 0.01, 0.03, 0.2, 0.51, 0.43, 0.32, 0.45, 0.51, 0.63, 0.52, 0.45, 0.64, 0.69, 0.76, 0.83, 0.67, 0.57, 0.39, 0.22, 0.15]"
41,22720314,user_41,user41,[32],[],"Digital marketer. Love a good story, learning new things, funny stuff.","Digital marketer. Love a good story, learning new things, funny stuff.","[0.69, 0.61, 0.42, 0.19, 0.09, 0.03, 0.0, 0.03, 0.0, 0.0, 0.06, 0.17, 0.52, 0.44, 0.29, 0.38, 0.48, 0.57, 0.48, 0.5, 0.56, 0.72, 0.78, 0.82]"
42,966316886,user_42,user42,[],[],Top trending sci-tech news stories on Twitter with related tweets from top verified users.,Top trending sci-tech news stories on Twitter with related tweets from top verified users.,"[0.04, 0.07, 0.03, 0.02, 0.0, 0.02, 0.16, 0.54, 0.41, 0.32, 0.35, 0.55, 0.63, 0.47, 0.47, 0.57, 0.68, 0.8, 0.79, 0.68, 0.61, 0.36, 0.18, 0.09]"
43,279029242,user_43,user43,[32],[],"Markets & Fintech @ Macro Gravity. Observations, not advice 🇬🇷 🇺🇸 🇪🇺","Markets & Fintech @ Macro Gravity. Observations, not advice 🇬🇷 🇺🇸 🇪🇺","[0.01, 0.03, 0.0, 0.0, 0.0, 0.09, 0.22, 0.5, 0.35, 0.32, 0.39, 0.53, 0.58, 0.46, 0.54, 0.57, 0.69, 0.78, 0.76, 0.73, 0.63, 0.45, 0.19, 0.15]"
44,24009194,user_44,user44,[32],[],Peace & Love ✌🏾💉💊,Peace & Love ✌🏾💉💊,"[0.08, 0.0, 0.03, 0.0, 0.0, 0.06, 0.19, 0.49, 0.4, 0.32, 0.45, 0.5, 0.59, 0.46, 0.47, 0.65, 0.74, 0.84, 0.81, 0.67, 0.61, 0.36, 0.2, 0.14]"
45,2373814405,user_45,user45,[32],[],Traveling storyteller | web professional | owner of Sass Mugs https://t.co/Jb7vbHTsbq☕ | The Daily: https://t.co/50CbtxzawG  Instagram:@TravelBlonde,Traveling storyteller | web professional | owner of Sass Mugs https://t.co/Jb7vbHTsbq☕ | The Daily: https://t.co/50CbtxzawG  Instagram:@TravelBlonde,"[0.1, 0.02, 0.0, 0.0, 0.0, 0.05, 0.15, 0.47, 0.36, 0.31, 0.44, 0.52, 0.65, 0.5, 0.51, 0.58, 0.75, 0.82, 0.79, 0.68, 0.6, 0.36, 0.17, 0.1]"
46,14327196,user_46,user46,[32],[],"Digital strategy consultant; retail and brands; passionate about data, tech & CX in eBiz. Love coffee, cycling and SaintsFC. https://t.co/7WKZBsBvbX","Digital strategy consultant; retail and brands; passionate about data, tech & CX in eBiz. Love coffee, cycling and SaintsFC. https://t.co/7WKZBsBvbX","[0.08, 0.03, 0.0, 0.04, 0.0, 0.09, 0.15, 0.49, 0.44, 0.3, 0.4, 0.46, 0.59, 0.52, 0.54, 0.58, 0.66, 0.83, 0.79, 0.71, 0.55, 0.38, 0.15, 0.09]"
47,177300767,user_47,user47,[32],[],"Official technology service provider of electrical industry. Founded by NAED & NEMA. Tweets about eBusiness,  industry news, our products & partners.","Official technology service provider of electrical industry. Founded by NAED & NEMA. Tweets about eBusiness,  industry news, our products & partners.","[0.01, 0.07, 0.03, 0.0, 0.03, 0.08, 0.21, 0.49, 0.42, 0.27, 0.38, 0.45, 0.56, 0.48, 0.51, 0.58, 0.67, 0.84, 0.78, 0.68, 0.65, 0.36, 0.22, 0.05]"
48,426090051,user_48,user48,[32],[],@LinkedIn. Traveler. Excessive coffee drinker.,@LinkedIn. Traveler. Excessive coffee drinker.,"[0.0, 0.06, 0.0, 0.0, 0.04, 0.03, 0.24, 0.49, 0.4, 0.29, 0.36, 0.46, 0.59, 0.52, 0.5, 0.61, 0.68, 0.8, 0.77, 0.69, 0.56, 0.35, 0.16, 0.07]"
49,50441206,user_49,user49,[32],[],Bringing back legendary composers with AI #classicalregenerated,Bringing back legendary composers with AI #classicalregenerated,"[0.03, 0.0, 0.05, 0.05, 0.03, 0.06, 0.2, 0.47, 0.43, 0.34, 0.42, 0.5, 0.59, 0.53, 0.53, 0.57, 0.75, 0.76, 0.78, 0.68, 0.62, 0.42, 0.24, 0.11]"
50,15197548,user_50,user50,[32],[],"Husband and father of three. Software developer, agilist, scrum advocate. PSM Level I","Husband and father of three. Software developer, agilist, scrum advocate. PSM Level I","[0.05, 0.0, 0.0, 0.0, 0.0, 0.1, 0.19, 0.53, 0.43, 0.28, 0.38, 0.49, 0.56, 0.55, 0.54, 0.61, 0.68, 0.84, 0.82, 0.69, 0.6, 0.4, 0.24, 0.11]"
51,239145704,user_51,user51,[32],[],Ma règle de base c'est d'être unique et différent. Car plus tu es différent  plus tu deviens unique d'avoir autant de différences,Ma règle de base c'est d'être unique et différent. Car plus tu es différent  plus tu deviens unique d'avoir autant de différences,"[0.07, 0.0, 0.0, 0.02, 0.0, 0.05, 0.07, 0.29, 0.21, 0.2, 0.27, 0.37, 0.51, 0.57, 0.69, 0.75, 0.88, 0.88, 0.79, 0.76, 0.73, 0.52, 0.21, 0.12]"
52,7890312,user_52,user52,[32],[],"@BU_Tweets Grad and Client Educator @basisglobaltech. Passionate about @shetribe_, #neuroscience, #education, and the #PNW.","@BU_Tweets Grad and Client Educator @basisglobaltech. Passionate about @shetribe_, #neuroscience, #education, and the #PNW.","[0.08, 0.0, 0.0, 0.02, 0.0, 0.02, 0.06, 0.35, 0.25, 0.2, 0.31, 0.43, 0.53, 0.59, 0.73, 0.79, 0.94, 0.92, 0.79, 0.84, 0.69, 0.46, 0.18, 0.09]"
53,1078319785,user_53,user53,[32],[],Our lives become beautiful not because we are perfect. Our lives become beautiful because we put our heart into whatever we do. #Sadhguru @cpsavesoil,Our lives become beautiful not because we are perfect. Our lives become beautiful because we put our heart into whatever we do. #Sadhguru @cpsavesoil,"[0.08, 0.03, 0.01, 0.0, 0.02, 0.05, 0.23, 0.48, 0.4, 0.28, 0.36, 0.48, 0.55, 0.49, 0.49, 0.61, 0.74, 0.77, 0.79, 0.72, 0.61, 0.41, 0.2, 0.11]"
54,195246980,user_54,user54,[],[],"Suburb-dweller trekking into Boston. Mom, fan of cattle dogs, wine, true crime, and streaming documentaries.","Suburb-dweller trekking into Boston. Mom, fan of cattle dogs, wine, true crime, and streaming documentaries.","[0.0, 0.0, 0.0, 0.01, 0.0, 0.1, 0.23, 0.83, 0.42, 0.15, 0.19, 0.19, 0.67, 0.33, 0.21, 0.24, 0.28, 0.78, 0.92, 0.85, 0.58, 0.37, 0.07, 0.02]"
55,127501740,user_55,user55,[20],[],,,"[0.01, 0.07, 0.01, 0.0, 0.01, 0.03, 0.24, 0.45, 0.36, 0.33, 0.36, 0.53, 0.55, 0.51, 0.53, 0.64, 0.75, 0.8, 0.79, 0.74, 0.59, 0.41, 0.15, 0.13]"
56,406470792,user_56,user56,[32],[],"PR professional, sports lover, and a self-declared TV junkie. All opinions are my own","PR professional, sports lover, and a self-declared TV junkie. All opinions are my own","[0.1, 0.0, 0.03, 0.0, 0.0, 0.08, 0.17, 0.5, 0.44, 0.29, 0.38, 0.46, 0.63, 0.46, 0.51, 0.6, 0.73, 0.78, 0.79, 0.74, 0.62, 0.42, 0.15, 0.05]"
57,617166446,user_57,user57,[32],[],,,"[0.01, 0.0, 0.0, 0.0, 0.02, 0.05, 0.23, 0.54, 0.4, 0.29, 0.36, 0.54, 0.59, 0.51, 0.47, 0.59, 0.7, 0.76, 0.84, 0.67, 0.64, 0.36, 0.25, 0.06]"
58,2469359521,user_58,user58,[32],[],"this is a personal account, expect randomness she/her 独身中年アイドルヲタヽ(´ー`)ノフォエバー / Current OJS48 member","this is a personal account, expect randomness she/her 独身中年アイドルヲタヽ(´ー`)ノフォエバー / Current OJS48 member","[0.04, 0.02, 0.01, 0.0, 0.02, 0.03, 0.18, 0.49, 0.43, 0.35, 0.43, 0.49, 0.57, 0.5, 0.53, 0.58, 0.72, 0.78, 0.75, 0.74, 0.57, 0.38, 0.21, 0.11]"
59,278617249,user_59,user59,[],[],🎭🎬 Actress 🎙 Voiceover Artist 😻 Cat lover 🛥 Yacht Rock connoisseur 💖💚 AKA1908,🎭🎬 Actress 🎙 Voiceover Artist 😻 Cat lover 🛥 Yacht Rock connoisseur 💖💚 AKA1908,"[0.05, 0.0, 0.05, 0.0, 0.02, 0.03, 0.18, 0.81, 0.37, 0.21, 0.21, 0.19, 0.69, 0.3, 0.17, 0.16, 0.26, 0.8, 0.86, 0.78, 0.63, 0.38, 0.06, 0.08]"
60,900777782,user_60,user60,[32],[],,,"[0.03, 0.0, 0.0, 0.03, 0.02, 0.04, 0.19, 0.45, 0.37, 0.26, 0.42, 0.54, 0.58, 0.55, 0.46, 0.6, 0.68, 0.77, 0.8, 0.71, 0.61, 0.36, 0.21, 0.13]"
61,72604394,user_61,user61,[32],[],"Ad writer, creative thinker, brand shaper. Interested in everything tech and alcohol.","Ad writer, creative thinker, brand shaper. Interested in everything tech and alcohol.","[0.08, 0.0, 0.05, 0.01, 0.06, 0.0, 0.24, 0.51, 0.38, 0.28, 0.36, 0.5, 0.64, 0.5, 0.5, 0.64, 0.72, 0.76, 0.75, 0.72, 0.62, 0.35, 0.2, 0.09]"
62,91412333,user_62,user62,[],[],"Lord Jesus Christ, Son of God, have mercy on me, because I am a sinner ☦️🛐","Lord Jesus Christ, Son of God, have mercy on me, because I am a sinner ☦️🛐","[0.0, 0.02, 0.04, 0.0, 0.02, 0.03, 0.2, 0.47, 0.37, 0.35, 0.41, 0.45, 0.65, 0.52, 0.52, 0.59, 0.67, 0.85, 0.77, 0.65, 0.64, 0.44, 0.25, 0.11]"
63,24809218,user_63,user63,[32],[],"Work in communication / digital media. Big fan of post-its, colorful pens & Persian food. Opinions are my own.","Work in communication / digital media. Big fan of post-its, colorful pens & Persian food. Opinions are my own.","[0.06, 0.0, 0.0, 0.01, 0.0, 0.01, 0.08, 0.3, 0.2, 0.17, 0.26, 0.4, 0.53, 0.62, 0.74, 0.8, 0.91, 0.85, 0.84, 0.81, 0.74, 0.54, 0.22, 0.14]"
64,141898283,user_64,user64,[32],[],,,"[0.04, 0.03, 0.02, 0.0, 0.01, 0.03, 0.18, 0.48, 0.4, 0.29, 0.42, 0.5, 0.61, 0.47, 0.45, 0.57, 0.65, 0.81, 0.77, 0.69, 0.61, 0.35, 0.15, 0.09]"
65,366698784,user_65,user65,[],[],"Data journalist turned web developer, proud member of @ondatait 'So come on friends, To the barricades again. We will find our way, We will find our way.'","Data journalist turned web developer, proud member of @ondatait 'So come on friends, To the barricades again. We will find our way, We will find our way.'","[0.02, 0.0, 0.0, 0.0, 0.0, 0.02, 0.22, 0.53, 0.4, 0.27, 0.37, 0.5, 0.56, 0.51, 0.5, 0.62, 0.72, 0.77, 0.76, 0.74, 0.57, 0.36, 0.23, 0.06]"
66,198251155,user_66,user66,"[70, 32]",[],"Techno-adventurer, citizen of the world imprisoned voluntarily in Greece, Web-sucker-surfer, social media observer, music lover.","Techno-adventurer, citizen of the world imprisoned voluntarily in Greece, Web-sucker-surfer, social media observer, music lover.","[0.02, 0.0, 0.0, 0.03, 0.0, 0.03, 0.23, 0.51, 0.4, 0.3, 0.36, 0.53, 0.58, 0.45, 0.52, 0.64, 0.7, 0.8, 0.82, 0.71, 0.59, 0.35, 0.17, 0.14]"
67,2413396015,user_67,user67,"[32, 40]",[],"Small town girl, living the big city dream. Currently pursuing my Master's in Digital Marketing and Analytics. Check out my blog here: https://t.co/vzo2dWqs1w","Small town girl, living the big city dream. Currently pursuing my Master's in Digital Marketing and Analytics. Check out my blog here: https://t.co/vzo2dWqs1w","[0.05, 0.06, 0.03, 0.0, 0.0, 0.04, 0.17, 0.54, 0.42, 0.25, 0.43, 0.51, 0.58, 0.48, 0.47, 0.59, 0.68, 0.75, 0.79, 0.69, 0.55, 0.45, 0.19, 0.1]"
68,23686158,user_68,user68,[],[],"Transforming Communication through Content Creation and Digital Distribution Me: Husband, Dad, golfer, Boston Fan, Trinity Coll. Alum, sportsbiz , optimist","Transforming Communication through Content Creation and Digital Distribution Me: Husband, Dad, golfer, Boston Fan, Trinity Coll. Alum, sportsbiz , optimist","[0.03, 0.0, 0.02, 0.0, 0.02, 0.0, 0.13, 0.26, 0.22, 0.24, 0.33, 0.43, 0.55, 0.6, 0.7, 0.85, 0.93, 0.91, 0.77, 0.77, 0.65, 0.47, 0.2, 0.12]"
69,38606937,user_69,user69,[32],[],#Technology Lover. #MarketingAutomation Expert. #Blogger. Powered by #Coffee,#Technology Lover. #MarketingAutomation Expert. #Blogger. Powered by #Coffee,"[0.03, 0.05, 0.0, 0.04, 0.02, 0.03, 0.16, 0.46, 0.42, 0.32, 0.42, 0.53, 0.56, 0.48, 0.52, 0.58, 0.7, 0.77, 0.78, 0.7, 0.6, 0.38, 0.18, 0.12]"
70,406992903,user_70,user70,[32],[],"#SocialMedia Experts in #Digital #Marketing, #Online #Advertising, #Branding, #Web #Strategy, #SMO #SEO | #Facebook #Twitter #YouTube | RTs are not endorsements","#SocialMedia Experts in #Digital #Marketing, #Online #Advertising, #Branding, #Web #Strategy, #SMO #SEO | #Facebook #Twitter #YouTube | RTs are not endorsements","[0.09, 0.06, 0.02, 0.05, 0.0, 0.01, 0.24, 0.49, 0.4, 0.3, 0.39, 0.48, 0.61, 0.48, 0.45, 0.62, 0.67, 0.77, 0.82, 0.66, 0.58, 0.44, 0.25, 0.15]"
71,418358791,user_71,user71,[],[],tech n3rd | product at Tibber | father of three,tech n3rd | product at Tibber | father of three,"[0.02, 0.01, 0.04, 0.0, 0.05, 0.08, 0.22, 0.55, 0.43, 0.27, 0.38, 0.52, 0.56, 0.51, 0.46, 0.64, 0.67, 0.85, 0.83, 0.69, 0.58, 0.39, 0.21, 0.08]"
72,2477530908,user_72,user72,[32],[],"Creative Studios - Web Design + Development, Graphic Design, Branding, Social Media Marketing, SEO, Content Marketing, Google Ads & More.","Creative Studios - Web Design + Development, Graphic Design, Branding, Social Media Marketing, SEO, Content Marketing, Google Ads & More.","[0.01, 0.04, 0.01, 0.0, 0.0, 0.06, 0.22, 0.47, 0.36, 0.3, 0.39, 0.54, 0.59, 0.47, 0.49, 0.61, 0.71, 0.83, 0.81, 0.71, 0.59, 0.37, 0.22, 0.09]"
73,117943883,user_73,user73,[],[],Data harmonizer. Unfolding e(in)ternally. https://t.co/N6HzmcBqx9 #MabStudios #CG ♐,Data harmonizer. Unfolding e(in)ternally. https://t.co/N6HzmcBqx9 #MabStudios #CG ♐,"[0.06, 0.02, 0.01, 0.02, 0.01, 0.02, 0.17, 0.51, 0.43, 0.28, 0.39, 0.51, 0.57, 0.54, 0.47, 0.61, 0.68, 0.84, 0.84, 0.66, 0.65, 0.35, 0.15, 0.1]"
74,2380794661,user_74,user74,[],[],Innovation & Sustainability,Innovation & Sustainability,"[0.02, 0.05, 0.05, 0.0, 0.0, 0.08, 0.22, 0.52, 0.42, 0.26, 0.44, 0.5, 0.56, 0.46, 0.48, 0.55, 0.72, 0.76, 0.79, 0.73, 0.55, 0.4, 0.23, 0.13]"
75,546141443,user_75,user75,[32],[],Budding Software Engineer who loves to travel and share new experiences. Yes; I live on two extremes of the same spectrum. Call it crazy; i think its divine.,Budding Software Engineer who loves to travel and share new experiences. Yes; I live on two extremes of the same spectrum. Call it crazy; i think its divine.,"[0.02, 0.0, 0.05, 0.05, 0.03, 0.05, 0.17, 0.81, 0.39, 0.24, 0.21, 0.22, 0.74, 0.32, 0.17, 0.18, 0.27, 0.76, 0.87, 0.82, 0.65, 0.36, 0.07, 0.03]"
76,26411167,user_76,user76,[],[],Computer Science Engineer therefore COFFEE LOVER =D,Computer Science Engineer therefore COFFEE LOVER =D,"[0.0, 0.04, 0.0, 0.0, 0.0, 0.1, 0.24, 0.84, 0.36, 0.23, 0.24, 0.17, 0.72, 0.29, 0.23, 0.24, 0.27, 0.83, 0.89, 0.85, 0.62, 0.41, 0.13, 0.05]"
77,589637517,user_77,user77,[32],[],,,"[0.09, 0.03, 0.04, 0.0, 0.0, 0.08, 0.18, 0.5, 0.37, 0.3, 0.39, 0.52, 0.63, 0.51, 0.48, 0.58, 0.72, 0.79, 0.76, 0.72, 0.6, 0.37, 0.15, 0.08]"
78,1636278630,user_78,user78,[32],[],Leading global retail marketing and activation company providing award-winning solutions and changing the face of retail for 70 years. http://t.co/XOzS9x7dSr,Leading global retail marketing and activation company providing award-winning solutions and changing the face of retail for 70 years. http://t.co/XOzS9x7dSr,"[0.71, 0.57, 0.44, 0.19, 0.07, 0.0, 0.04, 0.04, 0.04, 0.06, 0.04, 0.23, 0.47, 0.36, 0.3, 0.42, 0.54, 0.62, 0.47, 0.5, 0.62, 0.68, 0.84, 0.84]"
79,179155320,user_79,user79,[32],[],"LTEC PhD student, IT Mgr @ UH Mānoa, HGEA BU08 President 23-25, EdTech, #VR #AR #MR & #eSports Research, Foodie, & Wine #its4thekids -Views R My Own-","LTEC PhD student, IT Mgr @ UH Mānoa, HGEA BU08 President 23-25, EdTech, #VR #AR #MR & #eSports Research, Foodie, & Wine #its4thekids -Views R My Own-","[0.05, 0.01, 0.01, 0.0, 0.04, 0.0, 0.13, 0.33, 0.15, 0.17, 0.32, 0.43, 0.53, 0.6, 0.71, 0.8, 0.88, 0.87, 0.78, 0.78, 0.67, 0.49, 0.2, 0.05]"
80,184599763,user_80,user80,[],[],An American living in the UK.,An American living in the UK.,"[0.05, 0.04, 0.0, 0.03, 0.05, 0.07, 0.17, 0.48, 0.38, 0.26, 0.45, 0.46, 0.58, 0.5, 0.53, 0.57, 0.73, 0.79, 0.83, 0.65, 0.62, 0.38, 0.18, 0.09]"
81,498926310,user_81,user81,[32],[],"Talent Acquisition, Human Resources, Operations, Dog Lover, Trail Runner, EMT, Firefighter, Ski Patroller, Chef, Mom, Wife","Talent Acquisition, Human Resources, Operations, Dog Lover, Trail Runner, EMT, Firefighter, Ski Patroller, Chef, Mom, Wife","[0.0, 0.0, 0.05, 0.05, 0.04, 0.01, 0.17, 0.8, 0.36, 0.23, 0.19, 0.19, 0.73, 0.31, 0.17, 0.2, 0.26, 0.79, 0.9, 0.82, 0.65, 0.41, 0.09, 0.09]"
82,83572086,user_82,user82,[],[],"Heart firmly on sleeve - it's the best way, I promise! Mummy to the most adorable little boy. Grafter - I can't help it","Heart firmly on sleeve - it's the best way, I promise! Mummy to the most adorable little boy. Grafter - I can't help it","[0.03, 0.03, 0.02, 0.04, 0.01, 0.1, 0.25, 0.53, 0.37, 0.26, 0.41, 0.51, 0.61, 0.55, 0.48, 0.63, 0.72, 0.8, 0.76, 0.66, 0.64, 0.41, 0.16, 0.08]"
83,25745023,user_83,user83,[21],[],"Creator of patented PortaPocket modular wearables: versatile pockets keep cellphone, ID/cards, passports+ safe. Adaptive for dogs+wheelchairs too ♥Science+Facts","Creator of patented PortaPocket modular wearables: versatile pockets keep cellphone, ID/cards, passports+ safe. Adaptive for dogs+wheelchairs too ♥Science+Facts","[0.08, 0.07, 0.07, 0.08, 0.08, 0.09, 0.29, 0.52, 0.58, 0.68, 0.71, 0.75, 0.79, 0.83, 0.9, 0.86, 0.89, 0.93, 0.88, 0.84, 0.67, 0.55, 0.37, 0.22]"
84,34916679,user_84,user84,[32],[],Rédactrice en chef adjointe @LUsineDigitale. Passée par suffisamment d'endroits pour me méfier des étiquettes.,Rédactrice en chef adjointe @LUsineDigitale. Passée par suffisamment d'endroits pour me méfier des étiquettes.,"[0.0, 0.01, 0.0, 0.02, 0.06, 0.01, 0.17, 0.48, 0.39, 0.26, 0.38, 0.5, 0.65, 0.48, 0.52, 0.6, 0.74, 0.84, 0.84, 0.66, 0.61, 0.37, 0.16, 0.15]"
85,239029295,user_85,user85,[32],[],"Addicted to reading & dogs. Lit Agent for Collecting Shakespeare by Stephen Grant, West Without Water by Lynn Ingram. I vote for Democrats & Democracy.","Addicted to reading & dogs. Lit Agent for Collecting Shakespeare by Stephen Grant, West Without Water by Lynn Ingram. I vote for Democrats & Democracy.","[0.06, 0.02, 0.0, 0.03, 0.0, 0.05, 0.19, 0.49, 0.42, 0.31, 0.44, 0.47, 0.59, 0.54, 0.47, 0.57, 0.68, 0.8, 0.78, 0.65, 0.59, 0.42, 0.23, 0.08]"
86,2254350528,user_86,user86,[32],[],"PhD candidate in Information Studies, University of Maryland's iSchool.","PhD candidate in Information Studies, University of Maryland's iSchool.","[0.02, 0.0, 0.0, 0.04, 0.0, 0.03, 0.11, 0.29, 0.24, 0.2, 0.28, 0.43, 0.53, 0.63, 0.73, 0.76, 0.88, 0.87, 0.79, 0.84, 0.68, 0.52, 0.24, 0.08]"
87,212101327,user_87,user87,[],[],she/her | this is my private trash account find me mostly at @isabelsong,she/her | this is my private trash account find me mostly at @isabelsong,"[0.07, 0.07, 0.06, 0.0, 0.0, 0.09, 0.2, 0.52, 0.44, 0.31, 0.42, 0.48, 0.57, 0.49, 0.49, 0.63, 0.68, 0.78, 0.85, 0.66, 0.59, 0.39, 0.16, 0.07]"
88,235248342,user_88,user88,[32],[],"Loves shopping, reading, sweets, coffee and tea, Milton the cat, and nail polish. Always has a serious case of wanderlust.","Loves shopping, reading, sweets, coffee and tea, Milton the cat, and nail polish. Always has a serious case of wanderlust.","[0.06, 0.02, 0.01, 0.05, 0.03, 0.07, 0.22, 0.47, 0.37, 0.3, 0.44, 0.45, 0.56, 0.54, 0.5, 0.64, 0.68, 0.79, 0.81, 0.66, 0.63, 0.38, 0.21, 0.05]"
89,382248824,user_89,user89,[],[],"Blökt nicht mit den Mainstream-Schafen.

Retweeten wirkt meist mehr als Liken.
Beides freut mich natürlich am meisten …","Blökt nicht mit den Mainstream-Schafen.

Retweeten wirkt meist mehr als Liken.
Beides freut mich natürlich am meisten …","[0.05, 0.0, 0.0, 0.0, 0.02, 0.0, 0.17, 0.5, 0.36, 0.29, 0.44, 0.49, 0.56, 0.52, 0.46, 0.59, 0.72, 0.76, 0.83, 0.66, 0.61, 0.36, 0.2, 0.14]"
90,376164732,user_90,user90,[32],[],"Journaliste, Le Monde.  La déconnexion des élites. Comment Internet dérange l'ordre établi (Arènes, 2015) belot@lemonde.fr","Journaliste, Le Monde.  La déconnexion des élites. Comment Internet dérange l'ordre établi (Arènes, 2015) belot@lemonde.fr","[0.02, 0.0, 0.06, 0.05, 0.0, 0.03, 0.18, 0.51, 0.38, 0.31, 0.41, 0.51, 0.59, 0.48, 0.47, 0.61, 0.73, 0.8, 0.82, 0.73, 0.61, 0.39, 0.16, 0.13]"
91,55467587,user_91,user91,[],[],genocide funder (American tax payer) || Mr Green Tea and the Big Steepers || uwu woo woo,genocide funder (American tax payer) || Mr Green Tea and the Big Steepers || uwu woo woo,"[0.02, 0.0, 0.0, 0.0, 0.0, 0.07, 0.22, 0.5, 0.44, 0.31, 0.45, 0.46, 0.58, 0.48, 0.52, 0.64, 0.66, 0.76, 0.81, 0.72, 0.55, 0.39, 0.19, 0.06]"
92,255369814,user_92,user92,[],[],Read at your own risk,Read at your own risk,"[0.09, 0.05, 0.0, 0.01, 0.0, 0.09, 0.19, 0.5, 0.39, 0.34, 0.42, 0.53, 0.58, 0.53, 0.49, 0.58, 0.69, 0.83, 0.84, 0.72, 0.63, 0.44, 0.17, 0.09]"
93,428225985,user_93,user93,[],[],"Technology news, reviews, opinions and issues.","Technology news, reviews, opinions and issues.","[0.06, 0.04, 0.0, 0.06, 0.01, 0.07, 0.25, 0.53, 0.4, 0.32, 0.37, 0.49, 0.63, 0.49, 0.5, 0.62, 0.67, 0.76, 0.81, 0.71, 0.64, 0.36, 0.21, 0.09]"
94,66358288,user_94,user94,[],[],"Curious, kind, learning. I don’t need a knight in shining armour; I am the knight in shining armour #dogmom  #Kdrama #psychology #slowtravel","Curious, kind, learning. I don’t need a knight in shining armour; I am the knight in shining armour #dogmom  #Kdrama #psychology #slowtravel","[0.03, 0.02, 0.03, 0.0, 0.01, 0.04, 0.2, 0.76, 0.45, 0.2, 0.25, 0.18, 0.73, 0.28, 0.18, 0.23, 0.28, 0.85, 0.85, 0.8, 0.62, 0.38, 0.06, 0.06]"
95,2796715257,user_95,user95,[32],[],"Techie. Cloud, security, SaaS, mobile. Performance is everything. CMO at Catchpoint. Personal account @gerardodada. Tweets are are my own. #ATX #performance","Techie. Cloud, security, SaaS, mobile. Performance is everything. CMO at Catchpoint. Personal account @gerardodada. Tweets are are my own. #ATX #performance","[0.0, 0.0, 0.05, 0.03, 0.01, 0.09, 0.22, 0.8, 0.43, 0.25, 0.2, 0.25, 0.7, 0.3, 0.18, 0.25, 0.28, 0.79, 0.93, 0.79, 0.57, 0.4, 0.08, 0.01]"
96,248936218,user_96,user96,[32],[],Computer Science Graduate | Gadget geek | Space enthusiast | Coffee addict | Basketball Lover... RETWEETS ARE NOT ENDORSEMENTS!,Computer Science Graduate | Gadget geek | Space enthusiast | Coffee addict | Basketball Lover... RETWEETS ARE NOT ENDORSEMENTS!,"[0.02, 0.05, 0.04, 0.05, 0.03, 0.0, 0.06, 0.31, 0.21, 0.15, 0.28, 0.38, 0.5, 0.58, 0.68, 0.76, 0.85, 0.89, 0.82, 0.84, 0.72, 0.55, 0.21, 0.12]"
97,321438504,user_97,user97,[32],[],"Sales Senior Recruiter @Cisco #recruiting #sourcing #recruitmentmarketing #employerbranding #HRtech #AI/ML My tweets, not Cisco's","Sales Senior Recruiter @Cisco #recruiting #sourcing #recruitmentmarketing #employerbranding #HRtech #AI/ML My tweets, not Cisco's","[0.08, 0.07, 0.0, 0.0, 0.04, 0.03, 0.25, 0.54, 0.37, 0.28, 0.37, 0.48, 0.58, 0.54, 0.46, 0.57, 0.67, 0.76, 0.79, 0.68, 0.56, 0.43, 0.21, 0.11]"
98,19908090,user_98,user98,[],[],"Responsabile comunicazione @bolognawelcome, @nexacenter alumnus, clown","Responsabile comunicazione @bolognawelcome, @nexacenter alumnus, clown","[0.07, 0.02, 0.0, 0.04, 0.01, 0.0, 0.09, 0.29, 0.18, 0.16, 0.29, 0.39, 0.54, 0.58, 0.73, 0.85, 0.89, 0.92, 0.85, 0.79, 0.72, 0.48, 0.25, 0.12]"
99,18211373,user_99,user99,"[32, 105]",[],"Diletante y tal. Fui aprendiz de economista. Modelo fitness retirado. Quejumbres y jeremiadas. Creo cosas, hago cosas.","Diletante y tal. Fui aprendiz de economista. Modelo fitness retirado. Quejumbres y jeremiadas. Creo cosas, hago cosas.","[0.07, 0.02, 0.04, 0.0, 0.04, 0.06, 0.18, 0.45, 0.45, 0.25, 0.43, 0.52, 0.59, 0.5, 0.54, 0.59, 0.75, 0.8, 0.76, 0.73, 0.57, 0.41, 0.18, 0.13]"
100,17297519,user_100,user100,[32],[],"Music that doesn't suck, sports fan, tech geek, other random interests. Keep your pronouns/delusion. See a therapist.","Music that doesn't suck, sports fan, tech geek, other random interests. Keep your pronouns/delusion. See a therapist.","[0.05, 0.0, 0.0, 0.04, 0.0, 0.01, 0.22, 0.53, 0.36, 0.31, 0.44, 0.47, 0.57, 0.46, 0.47, 0.65, 0.73, 0.77, 0.83, 0.68, 0.59, 0.44, 0.23, 0.08]"
101,2689725379,user_101,user101,[32],[],I bad pass them all ****,I bad pass them all ****,"[0.05, 0.03, 0.0, 0.0, 0.03, 0.08, 0.18, 0.54, 0.42, 0.27, 0.41, 0.49, 0.57, 0.53, 0.55, 0.57, 0.66, 0.81, 0.82, 0.68, 0.62, 0.4, 0.15, 0.06]"
102,121216105,user_102,user102,[32],[],"60's Hippie-Chick ~ Radio/TV Background, Writer. Love Politics! Satire! RocknRoll! Animal Lover! FunnyRox2!  LiberalDem ;)  #TheResistance  PEACE","60's Hippie-Chick ~ Radio/TV Background, Writer. Love Politics! Satire! RocknRoll! Animal Lover! FunnyRox2!  LiberalDem ;)  #TheResistance  PEACE","[0.66, 0.61, 0.35, 0.21, 0.13, 0.06, 0.04, 0.0, 0.03, 0.02, 0.08, 0.17, 0.48, 0.39, 0.3, 0.4, 0.54, 0.57, 0.49, 0.53, 0.58, 0.7, 0.78, 0.76]"
103,18492523,user_103,user103,[10],[],Auteur du blog #Sensduclient Conférencier #relationclient #experienceclient #tendancesclient 30 ans d'expérience. Ma passion : les belles histoires.,Auteur du blog #Sensduclient Conférencier #relationclient #experienceclient #tendancesclient 30 ans d'expérience. Ma passion : les belles histoires.,"[0.04, 0.0, 0.0, 0.04, 0.02, 0.05, 0.23, 0.53, 0.38, 0.27, 0.39, 0.54, 0.62, 0.51, 0.52, 0.55, 0.68, 0.79, 0.8, 0.74, 0.63, 0.41, 0.19, 0.11]"
104,243299723,user_104,user104,[],[],...,...,"[0.01, 0.0, 0.04, 0.0, 0.0, 0.08, 0.19, 0.55, 0.4, 0.32, 0.41, 0.45, 0.58, 0.53, 0.49, 0.57, 0.69, 0.84, 0.77, 0.73, 0.56, 0.42, 0.22, 0.12]"
105,16199328,user_105,user105,[99],[],"Marido, padre de tres hijos, montañero, viajero y empresario. 🇪🇺","Marido, padre de tres hijos, montañero, viajero y empresario. 🇪🇺","[0.01, 0.0, 0.05, 0.0, 0.01, 0.01, 0.18, 0.45, 0.4, 0.34, 0.41, 0.47, 0.58, 0.46, 0.5, 0.6, 0.73, 0.82, 0.81, 0.69, 0.6, 0.37, 0.17, 0.06]"
106,2436034951,user_106,user106,[32],[],"Middle Bridge Partners invests in emerging companies in DC, NY, SF, IST and more. Investing to build bridges. info@middlebridgepartners.com","Middle Bridge Partners invests in emerging companies in DC, NY, SF, IST and more. Investing to build bridges. info@middlebridgepartners.com","[0.73, 0.6, 0.37, 0.19, 0.11, 0.0, 0.07, 0.0, 0.02, 0.05, 0.07, 0.25, 0.54, 0.44, 0.34, 0.39, 0.47, 0.63, 0.54, 0.45, 0.56, 0.67, 0.75, 0.8]"
107,14951685,user_107,user107,[32],[],I'm on Threads as @jma0611,I'm on Threads as @jma0611,"[0.02, 0.05, 0.02, 0.0, 0.0, 0.02, 0.18, 0.45, 0.37, 0.31, 0.45, 0.52, 0.62, 0.47, 0.5, 0.57, 0.73, 0.83, 0.76, 0.74, 0.56, 0.4, 0.16, 0.1]"
108,15598689,user_108,user108,[],[],views expressed are my personal ones,views expressed are my personal ones,"[0.02, 0.0, 0.02, 0.0, 0.03, 0.07, 0.24, 0.46, 0.41, 0.26, 0.38, 0.5, 0.64, 0.5, 0.45, 0.62, 0.75, 0.77, 0.81, 0.72, 0.58, 0.36, 0.22, 0.06]"
109,296912767,user_109,user109,[32],[],"Communications professional, proud Winnipegger, Slurpee connoisseur. Loves Canada, hiking, road trips, exploring new cities, soccer, photography, NYC & shoes.","Communications professional, proud Winnipegger, Slurpee connoisseur. Loves Canada, hiking, road trips, exploring new cities, soccer, photography, NYC & shoes.","[0.75, 0.74, 0.48, 0.23, 0.05, 0.06, 0.01, 0.03, 0.0, 0.04, 0.03, 0.09, 0.35, 0.16, 0.19, 0.26, 0.38, 0.55, 0.64, 0.7, 0.84, 0.88, 0.91, 0.8]"
110,2366070992,user_110,user110,[32],[],I believe in science.,I believe in science.,"[0.01, 0.04, 0.0, 0.02, 0.03, 0.07, 0.25, 0.51, 0.4, 0.26, 0.39, 0.48, 0.56, 0.45, 0.49, 0.6, 0.65, 0.81, 0.76, 0.69, 0.58, 0.43, 0.21, 0.09]"
