Unnamed: 0,username,name,description,user_char,followers_count,following_agentid_list,previous_tweets,activity_vector
0,a.r.m.y664,❤️❤️❤️,nazywam się Basia 🇵🇱+🇺🇸 moja mama jest z USA 🖤 warszawa ❤️ 🙊,TikTok user. Bio: nazywam się Basia 🇵🇱+🇺🇸 moja mama jest z USA 🖤 warszawa ❤️ 🙊,1755,[],[],"[0.74, 0.65, 0.43, 0.2, 0.13, 0.05, 0.04, 0.02, 0.01, 0.0, 0.06, 0.19, 0.54, 0.45, 0.29, 0.43, 0.5, 0.61, 0.54, 0.46, 0.56, 0.65, 0.83, 0.83]"
1,a2_9r,ايمن الفستقي🍺🥂🥃,حسابي الاصلي تيكتككك(_8_ytp_,TikTok user. Bio: حسابي الاصلي تيكتككك(_8_ytp_,354,[],[],"[0.04, 0.04, 0.0, 0.0, 0.0, 0.01, 0.17, 0.48, 0.39, 0.3, 0.39, 0.52, 0.57, 0.54, 0.45, 0.62, 0.69, 0.81, 0.76, 0.67, 0.63, 0.45, 0.18, 0.12]"
2,ti.po.check,All,"Активный пользователь ТикТока 🌝
Меня зовут BDR-€X😏( скоро узнаете ) 
21 year🥰","TikTok user. Bio: Активный пользователь ТикТока 🌝
Меня зовут BDR-€X😏( скоро узнаете ) 
21 year🥰",1960,[],[],"[0.04, 0.0, 0.01, 0.0, 0.0, 0.03, 0.17, 0.51, 0.38, 0.28, 0.41, 0.5, 0.56, 0.5, 0.47, 0.63, 0.74, 0.8, 0.83, 0.66, 0.6, 0.36, 0.19, 0.06]"
3,nutrifersanort,L.N Fernanda Sánchez,"Nutrióloga, educadora en diabetes.","TikTok user. Bio: Nutrióloga, educadora en diabetes.",43,[],[],"[0.06, 0.04, 0.0, 0.01, 0.05, 0.09, 0.16, 0.47, 0.36, 0.29, 0.35, 0.5, 0.61, 0.48, 0.52, 0.61, 0.65, 0.81, 0.78, 0.69, 0.58, 0.42, 0.19, 0.07]"
4,bhgdee,D💲,"Ig-bhg.dee📸
Sc-dannieo2099 👻
Fb- frank matthews✔️","TikTok user. Bio: Ig-bhg.dee📸
Sc-dannieo2099 👻
Fb- frank matthews✔️",276,[],[],"[0.1, 0.02, 0.06, 0.03, 0.03, 0.02, 0.25, 0.45, 0.38, 0.29, 0.43, 0.47, 0.64, 0.55, 0.47, 0.61, 0.65, 0.79, 0.75, 0.75, 0.59, 0.44, 0.23, 0.14]"
5,preyah_,Preyah,"Singer 🎤 Songwriter 📝
Гледай 💎ДИАМАНТ💎 сега 👇🏽","TikTok user. Bio: Singer 🎤 Songwriter 📝
Гледай 💎ДИАМАНТ💎 сега 👇🏽",108200,[],[],"[0.07, 0.09, 0.02, 0.09, 0.05, 0.11, 0.33, 0.5, 0.58, 0.67, 0.66, 0.82, 0.79, 0.77, 0.94, 0.88, 0.89, 0.88, 0.91, 0.81, 0.71, 0.58, 0.38, 0.18]"
6,anastasiaashley,Anastasia Ashley,"Pro surfer🏄🏻 
Contact: media@AnastasiaAshley.com
Check me out on IG too🤙","TikTok user. Bio: Pro surfer🏄🏻 
Contact: media@AnastasiaAshley.com
Check me out on IG too🤙",871100,[],[],"[0.14, 0.03, 0.08, 0.0, 0.01, 0.11, 0.3, 0.49, 0.58, 0.71, 0.69, 0.82, 0.8, 0.81, 0.91, 0.95, 0.93, 0.89, 0.94, 0.83, 0.66, 0.62, 0.43, 0.22]"
7,_sanek__56rus,Aleks,"КРИТИКА МОИХ НЕДОСТАТКОВ,
НЕ УМЕНЬШИТ ВАШИ!!!!","TikTok user. Bio: КРИТИКА МОИХ НЕДОСТАТКОВ,
НЕ УМЕНЬШИТ ВАШИ!!!!",3701,[],[],"[0.01, 0.05, 0.0, 0.03, 0.06, 0.05, 0.2, 0.46, 0.38, 0.3, 0.42, 0.53, 0.59, 0.46, 0.48, 0.64, 0.67, 0.8, 0.84, 0.65, 0.61, 0.45, 0.17, 0.1]"
8,_rinm,noi_29l,"ضيفو سنابي👇🏻
https://www.snapchat.com/add/","TikTok user. Bio: ضيفو سنابي👇🏻
https://www.snapchat.com/add/",16,[],[],"[0.09, 0.07, 0.05, 0.01, 0.0, 0.0, 0.19, 0.49, 0.4, 0.3, 0.41, 0.5, 0.63, 0.52, 0.51, 0.59, 0.68, 0.85, 0.78, 0.67, 0.56, 0.45, 0.16, 0.08]"
9,_k_1_ji_ji_e_ip__,_k_1_ji_ji_e_ip__,No bio available.,TikTok user. Bio: No bio available.,14,[],[],"[0.0, 0.02, 0.01, 0.0, 0.0, 0.02, 0.19, 0.47, 0.36, 0.28, 0.37, 0.54, 0.65, 0.45, 0.52, 0.61, 0.74, 0.82, 0.8, 0.72, 0.59, 0.42, 0.23, 0.1]"
10,xrb_010,Undercover010🐊,"🇦🇱
F*ck liefde heb gehoord dat je blind kan worden","TikTok user. Bio: 🇦🇱
F*ck liefde heb gehoord dat je blind kan worden",1737,[],[],"[0.08, 0.0, 0.02, 0.03, 0.01, 0.02, 0.17, 0.53, 0.37, 0.26, 0.42, 0.55, 0.55, 0.5, 0.53, 0.61, 0.72, 0.78, 0.84, 0.72, 0.6, 0.36, 0.19, 0.12]"
11,soyon_on_fire,SOYON_ON_FIRE,ভালো_লাগলে_লাইক_কমেন্ট_এবং_শেয়ার_করবেন___ফলো_করতে_ভুলবেন_না🥀🥀🥀,TikTok user. Bio: ভালো_লাগলে_লাইক_কমেন্ট_এবং_শেয়ার_করবেন___ফলো_করতে_ভুলবেন_না🥀🥀🥀,1336,[],[],"[0.02, 0.0, 0.01, 0.03, 0.0, 0.05, 0.15, 0.5, 0.44, 0.34, 0.42, 0.46, 0.64, 0.54, 0.47, 0.61, 0.65, 0.76, 0.78, 0.67, 0.63, 0.43, 0.18, 0.08]"
12,laurenwolfe,Lauren Wolfe,"Hi besties
nyc
💕","TikTok user. Bio: Hi besties
nyc
💕",1000000,[],[],"[0.77, 0.73, 0.55, 0.36, 0.16, 0.07, 0.07, 0.03, 0.05, 0.0, 0.14, 0.34, 0.45, 0.65, 0.66, 0.68, 0.81, 0.84, 0.84, 0.85, 0.9, 0.91, 0.9, 0.93]"
13,mybeautifulfantasy,Tik Toker,No bio yet,TikTok user. Bio: No bio yet,6231,[],[],"[0.08, 0.0, 0.04, 0.06, 0.06, 0.05, 0.21, 0.53, 0.41, 0.32, 0.35, 0.48, 0.56, 0.54, 0.49, 0.62, 0.68, 0.78, 0.75, 0.69, 0.64, 0.37, 0.18, 0.14]"
14,itshoneydone,@itshoneydone | Kayla,Let me help you turn your honey-do list into honey-DONE! Daily home tips & more!,TikTok user. Bio: Let me help you turn your honey-do list into honey-DONE! Daily home tips & more!,288400,[],[],"[0.1, 0.08, 0.09, 0.0, 0.03, 0.15, 0.3, 0.48, 0.6, 0.67, 0.73, 0.78, 0.8, 0.75, 0.92, 0.87, 0.94, 0.89, 0.93, 0.83, 0.74, 0.56, 0.38, 0.2]"
15,curlyheadkay3,Hennessy🤎🦋,"Hair influencer 💈💇🏽‍♀️ 
Spread the gospel ✝️ 
God first 📖","TikTok user. Bio: Hair influencer 💈💇🏽‍♀️ 
Spread the gospel ✝️ 
God first 📖",40400,[],[],"[0.13, 0.02, 0.01, 0.04, 0.03, 0.1, 0.28, 0.48, 0.56, 0.67, 0.74, 0.78, 0.82, 0.84, 0.93, 0.87, 0.87, 0.85, 0.85, 0.77, 0.75, 0.59, 0.43, 0.2]"
16,ryanmarkparsons,RYAN-MARK,"“Eccentric posho” — The Telegraph.
📧 Enquiries: david@asmtalent.co.uk","TikTok user. Bio: “Eccentric posho” — The Telegraph.
📧 Enquiries: david@asmtalent.co.uk",131900,[],[],"[0.07, 0.05, 0.06, 0.0, 0.04, 0.07, 0.32, 0.47, 0.56, 0.74, 0.71, 0.76, 0.82, 0.77, 0.88, 0.88, 0.92, 0.9, 0.87, 0.79, 0.66, 0.64, 0.41, 0.2]"
17,a3536363773,~🦋~,👑,TikTok user. Bio: 👑,144,[],[],"[0.03, 0.02, 0.0, 0.0, 0.04, 0.07, 0.21, 0.51, 0.35, 0.29, 0.44, 0.46, 0.64, 0.54, 0.46, 0.62, 0.71, 0.81, 0.8, 0.68, 0.58, 0.41, 0.19, 0.13]"
18,a.oakley03,a b b y ㋡,"nc
19
👻 : abbyoakleyyy 
stop lurking","TikTok user. Bio: nc
19
👻 : abbyoakleyyy 
stop lurking",755,[],[],"[0.07, 0.02, 0.05, 0.0, 0.05, 0.08, 0.22, 0.55, 0.38, 0.25, 0.41, 0.53, 0.62, 0.45, 0.46, 0.58, 0.72, 0.84, 0.77, 0.72, 0.62, 0.39, 0.23, 0.13]"
19,_lipsticklinz,_lipsticklinz,"Christian based makeup page✝️
Make your dreams reality.✨","TikTok user. Bio: Christian based makeup page✝️
Make your dreams reality.✨",80400,[],[],"[0.06, 0.08, 0.02, 0.01, 0.03, 0.06, 0.32, 0.53, 0.65, 0.71, 0.67, 0.8, 0.8, 0.77, 0.86, 0.9, 0.87, 0.9, 0.89, 0.82, 0.69, 0.64, 0.43, 0.21]"
20,lottaavacada,LottaAvacada,"Most based verse:
2 Kings 2:23-24","TikTok user. Bio: Most based verse:
2 Kings 2:23-24",33000,[],[],"[0.11, 0.09, 0.09, 0.08, 0.0, 0.12, 0.29, 0.5, 0.62, 0.67, 0.68, 0.82, 0.83, 0.84, 0.93, 0.85, 0.86, 0.93, 0.87, 0.78, 0.74, 0.64, 0.41, 0.17]"
21,1305.daniel,Osem15,relapsing,TikTok user. Bio: relapsing,2231,[],[],"[0.0, 0.0, 0.03, 0.0, 0.0, 0.01, 0.18, 0.52, 0.38, 0.31, 0.36, 0.54, 0.56, 0.47, 0.5, 0.64, 0.73, 0.85, 0.83, 0.69, 0.59, 0.42, 0.18, 0.14]"
22,dkanik34,Prince,Prince,TikTok user. Bio: Prince,1042,[],[],"[0.02, 0.02, 0.0, 0.05, 0.0, 0.03, 0.18, 0.52, 0.37, 0.33, 0.35, 0.51, 0.63, 0.52, 0.47, 0.55, 0.73, 0.85, 0.82, 0.68, 0.63, 0.42, 0.19, 0.11]"
23,jessicaw521,Jessica81,from Georgia love my family and friends. I like being outdoors.,TikTok user. Bio: from Georgia love my family and friends. I like being outdoors.,1694,[],[],"[0.05, 0.06, 0.04, 0.0, 0.0, 0.07, 0.17, 0.49, 0.41, 0.29, 0.35, 0.54, 0.64, 0.48, 0.51, 0.65, 0.73, 0.76, 0.78, 0.68, 0.63, 0.41, 0.16, 0.05]"
24,nbut_tia,Tya,https://youtu.be/rqeQj198fNw,TikTok user. Bio: https://youtu.be/rqeQj198fNw,579,[],[],"[0.1, 0.04, 0.06, 0.0, 0.0, 0.07, 0.25, 0.48, 0.36, 0.29, 0.38, 0.49, 0.62, 0.54, 0.5, 0.57, 0.72, 0.81, 0.8, 0.74, 0.63, 0.38, 0.21, 0.12]"
25,jessica.m084,Jessica Meyer,"28 
5 year old 💙
1 year old 🩷","TikTok user. Bio: 28 
5 year old 💙
1 year old 🩷",31200,[],[],"[0.14, 0.06, 0.03, 0.02, 0.04, 0.06, 0.32, 0.49, 0.61, 0.69, 0.69, 0.76, 0.79, 0.81, 0.87, 0.9, 0.88, 0.92, 0.89, 0.83, 0.7, 0.6, 0.39, 0.25]"
26,jessoz0,JessO,"sprinter 🇳🇬
wellness & life 
insta: jess_ozo","TikTok user. Bio: sprinter 🇳🇬
wellness & life 
insta: jess_ozo",6,[],[],"[0.03, 0.02, 0.04, 0.04, 0.05, 0.02, 0.18, 0.5, 0.42, 0.27, 0.37, 0.5, 0.58, 0.53, 0.48, 0.58, 0.75, 0.84, 0.81, 0.7, 0.62, 0.4, 0.25, 0.06]"
27,jesuthasanjesu344gmail.c,jesuthasanjesu,l am only single no love 💔  no girls friend i am very  happy 😊,TikTok user. Bio: l am only single no love 💔  no girls friend i am very  happy 😊,1460,[],[],"[0.04, 0.05, 0.03, 0.05, 0.0, 0.1, 0.24, 0.47, 0.42, 0.32, 0.44, 0.54, 0.62, 0.54, 0.47, 0.58, 0.69, 0.83, 0.77, 0.67, 0.56, 0.38, 0.23, 0.07]"
28,dream_boy__777,Manish Roy 👑,"Dance+2 Live show in mumbai😘Love You Dance+ 
click link New Photo Editing video","TikTok user. Bio: Dance+2 Live show in mumbai😘Love You Dance+ 
click link New Photo Editing video",6767,[],[],"[0.07, 0.03, 0.0, 0.0, 0.04, 0.05, 0.17, 0.54, 0.45, 0.35, 0.37, 0.55, 0.57, 0.45, 0.54, 0.64, 0.68, 0.77, 0.79, 0.7, 0.58, 0.39, 0.23, 0.11]"
29,ladybug.223,Ladybug,"Mom of 2
🌈Taken
everyone matters
your enough","TikTok user. Bio: Mom of 2
🌈Taken
everyone matters
your enough",10500,[],[],"[0.14, 0.03, 0.01, 0.08, 0.05, 0.1, 0.32, 0.53, 0.63, 0.72, 0.67, 0.82, 0.76, 0.79, 0.91, 0.88, 0.88, 0.92, 0.93, 0.83, 0.65, 0.64, 0.43, 0.25]"
30,manatan0127,まなみん。,"アラサー代表目指してます。

pococha毎日配信してます！
⬇️から飛べるよ📲","TikTok user. Bio: アラサー代表目指してます。

pococha毎日配信してます！
⬇️から飛べるよ📲",88700,[],[],"[0.11, 0.04, 0.07, 0.02, 0.1, 0.08, 0.35, 0.47, 0.61, 0.69, 0.66, 0.8, 0.8, 0.83, 0.94, 0.86, 0.87, 0.95, 0.87, 0.77, 0.71, 0.62, 0.42, 0.15]"
31,bhawaniyogi165,Bhawani Yogi,"Nagour___    RJ21____
  Bhawani yogi___
           दबंगों का क्षेत्र_____नागौर","TikTok user. Bio: Nagour___    RJ21____
  Bhawani yogi___
           दबंगों का क्षेत्र_____नागौर",27000,[],[],"[0.08, 0.1, 0.08, 0.1, 0.02, 0.06, 0.34, 0.46, 0.56, 0.7, 0.66, 0.79, 0.82, 0.79, 0.85, 0.87, 0.89, 0.86, 0.88, 0.84, 0.68, 0.58, 0.39, 0.23]"
32,grayson__o,Grayson,Yeet,TikTok user. Bio: Yeet,27400,[],[],"[0.14, 0.04, 0.06, 0.1, 0.07, 0.13, 0.26, 0.54, 0.61, 0.71, 0.66, 0.78, 0.82, 0.79, 0.91, 0.92, 0.91, 0.85, 0.91, 0.83, 0.74, 0.56, 0.44, 0.2]"
33,_salinasincerely,_salinasincerely,Over 50- still figuring sh*t out! Follow me on Instagram! Salina_sincerely,TikTok user. Bio: Over 50- still figuring sh*t out! Follow me on Instagram! Salina_sincerely,11700,[],[],"[0.07, 0.04, 0.04, 0.03, 0.09, 0.07, 0.25, 0.55, 0.62, 0.7, 0.75, 0.79, 0.76, 0.79, 0.87, 0.95, 0.94, 0.9, 0.89, 0.8, 0.72, 0.57, 0.41, 0.16]"
34,divya_angural786,DIVYA ANGURAL,ਪਰੋਸਾ ਕਰਨਾ ਕੀਯੋ ਗੈਰਾ ਤੇ ਜਦ ਚਲਣਾ ਆਪਣੇ ਪੈਰਾਂ ਤੇ    miss u veer g😔,TikTok user. Bio: ਪਰੋਸਾ ਕਰਨਾ ਕੀਯੋ ਗੈਰਾ ਤੇ ਜਦ ਚਲਣਾ ਆਪਣੇ ਪੈਰਾਂ ਤੇ    miss u veer g😔,16000,[],[],"[0.05, 0.08, 0.01, 0.06, 0.0, 0.14, 0.29, 0.48, 0.57, 0.69, 0.65, 0.81, 0.84, 0.81, 0.93, 0.93, 0.88, 0.93, 0.88, 0.76, 0.72, 0.6, 0.41, 0.19]"
35,baubleandbeam,bauble and beam jewelry!,"effortlessly YOU.
shop link in in IG bio!
EVERYTHING water safe","TikTok user. Bio: effortlessly YOU.
shop link in in IG bio!
EVERYTHING water safe",2258,[],[],"[0.05, 0.0, 0.0, 0.0, 0.04, 0.01, 0.21, 0.48, 0.42, 0.32, 0.43, 0.45, 0.64, 0.47, 0.48, 0.65, 0.67, 0.85, 0.83, 0.67, 0.56, 0.4, 0.19, 0.06]"
36,fabioygeh,Fabio Corrêa de Alme,digite meu código 232202316,TikTok user. Bio: digite meu código 232202316,821,[],[],"[0.07, 0.03, 0.06, 0.0, 0.04, 0.04, 0.17, 0.48, 0.41, 0.25, 0.44, 0.54, 0.61, 0.47, 0.47, 0.55, 0.67, 0.79, 0.8, 0.67, 0.6, 0.37, 0.22, 0.1]"
37,avs2704,Av,🍓,TikTok user. Bio: 🍓,133,[],[],"[0.09, 0.02, 0.0, 0.02, 0.02, 0.07, 0.16, 0.52, 0.38, 0.33, 0.43, 0.51, 0.59, 0.55, 0.54, 0.57, 0.71, 0.81, 0.82, 0.74, 0.56, 0.36, 0.16, 0.09]"
38,farahn75,Riyaz14,"follow me guys👈👈🌷🌷💔💖👌👌🙏🙏
                  Riyaz.14🙏🙏👌👌","TikTok user. Bio: follow me guys👈👈🌷🌷💔💖👌👌🙏🙏
                  Riyaz.14🙏🙏👌👌",20600,[],[],"[0.09, 0.09, 0.09, 0.07, 0.06, 0.11, 0.27, 0.49, 0.58, 0.66, 0.68, 0.79, 0.8, 0.84, 0.9, 0.91, 0.9, 0.92, 0.9, 0.83, 0.75, 0.64, 0.38, 0.2]"
39,ummylkheiry,ummylkheiry,"CEO @ummyoutfitcollection
Bella ummy🇴🇲🇹🇿
🚨DO NOT LIKE MORE THAN 3 VIDEOS🚨","TikTok user. Bio: CEO @ummyoutfitcollection
Bella ummy🇴🇲🇹🇿
🚨DO NOT LIKE MORE THAN 3 VIDEOS🚨",72000,[],[],"[0.1, 0.08, 0.08, 0.01, 0.06, 0.1, 0.3, 0.5, 0.61, 0.74, 0.73, 0.84, 0.84, 0.79, 0.93, 0.94, 0.91, 0.88, 0.91, 0.84, 0.65, 0.64, 0.42, 0.18]"
40,electrony,Electrony,تابعنا و خلك أول بأول مع جديد التقنية,TikTok user. Bio: تابعنا و خلك أول بأول مع جديد التقنية,346700,[],[],"[0.09, 0.01, 0.08, 0.03, 0.05, 0.08, 0.3, 0.51, 0.63, 0.72, 0.75, 0.81, 0.83, 0.82, 0.85, 0.94, 0.89, 0.86, 0.93, 0.77, 0.67, 0.59, 0.42, 0.25]"
41,lisababy21_,LisaBaby21_,Follow my Instagram @_aafj 😏,TikTok user. Bio: Follow my Instagram @_aafj 😏,83,[],[],"[0.03, 0.0, 0.03, 0.0, 0.0, 0.06, 0.17, 0.52, 0.44, 0.29, 0.38, 0.48, 0.57, 0.48, 0.5, 0.56, 0.72, 0.78, 0.82, 0.69, 0.61, 0.42, 0.19, 0.09]"
42,simobmd10,virtuose BMD,"فيديوهاتي ليست للشهرة بل للمتعة فقط
Instagram :  el_alaoui_53","TikTok user. Bio: فيديوهاتي ليست للشهرة بل للمتعة فقط
Instagram :  el_alaoui_53",42600,[],[],"[0.09, 0.1, 0.07, 0.06, 0.02, 0.07, 0.26, 0.54, 0.61, 0.72, 0.65, 0.85, 0.83, 0.77, 0.87, 0.87, 0.88, 0.9, 0.89, 0.78, 0.71, 0.56, 0.38, 0.19]"
43,1musictay,T.A.Y.,"T.A.Y. 
Stream my music below!
Follow my IG: _2damnpretty","TikTok user. Bio: T.A.Y. 
Stream my music below!
Follow my IG: _2damnpretty",14400,[],[],"[0.06, 0.06, 0.01, 0.02, 0.03, 0.14, 0.32, 0.5, 0.55, 0.72, 0.69, 0.83, 0.78, 0.76, 0.94, 0.87, 0.89, 0.88, 0.86, 0.83, 0.73, 0.65, 0.39, 0.25]"
44,hdpsoyyoxd,xd,"Lit killah mi varón :v 
Y ✨Litiago existe xd✨","TikTok user. Bio: Lit killah mi varón :v 
Y ✨Litiago existe xd✨",75,[],[],"[0.08, 0.0, 0.03, 0.0, 0.0, 0.06, 0.19, 0.49, 0.4, 0.32, 0.45, 0.5, 0.59, 0.46, 0.47, 0.65, 0.74, 0.84, 0.81, 0.67, 0.61, 0.36, 0.2, 0.14]"
45,dfzg242,👑🍁B. T. S.🍁👑,"😭Tik Tokគ្មានអ្នកLike😭
        😥នឹងFollo😥","TikTok user. Bio: 😭Tik Tokគ្មានអ្នកLike😭
        😥នឹងFollo😥",49,[],[],"[0.1, 0.02, 0.0, 0.0, 0.0, 0.05, 0.15, 0.47, 0.36, 0.31, 0.44, 0.52, 0.65, 0.5, 0.51, 0.58, 0.75, 0.82, 0.79, 0.68, 0.6, 0.36, 0.17, 0.1]"
46,lpo_tuv,عبودي كربلاء,مادام احبكم حته لو تعوفوني ابقه احبكم,TikTok user. Bio: مادام احبكم حته لو تعوفوني ابقه احبكم,196,[],[],"[0.08, 0.03, 0.0, 0.04, 0.0, 0.09, 0.15, 0.49, 0.44, 0.3, 0.4, 0.46, 0.59, 0.52, 0.54, 0.58, 0.66, 0.83, 0.79, 0.71, 0.55, 0.38, 0.15, 0.09]"
47,lovewanda33,CGGGx1412,No bio yet,TikTok user. Bio: No bio yet,4089,[],[],"[0.01, 0.07, 0.03, 0.0, 0.03, 0.08, 0.21, 0.49, 0.42, 0.27, 0.38, 0.45, 0.56, 0.48, 0.51, 0.58, 0.67, 0.84, 0.78, 0.68, 0.65, 0.36, 0.22, 0.05]"
48,thelaundryspot,The Laundry Spot,Our journey buying a laundromat during a pandemic!,TikTok user. Bio: Our journey buying a laundromat during a pandemic!,217300,[],[],"[0.05, 0.09, 0.03, 0.03, 0.08, 0.08, 0.34, 0.49, 0.6, 0.69, 0.66, 0.76, 0.79, 0.82, 0.9, 0.91, 0.88, 0.9, 0.87, 0.79, 0.66, 0.55, 0.36, 0.17]"
49,blandine_ytb,Blandine 🩷,"Hi 🦋
ytb : BLANDINE
insta : blandine_ytb
snap : blandine149","TikTok user. Bio: Hi 🦋
ytb : BLANDINE
insta : blandine_ytb
snap : blandine149",45500,[],[],"[0.08, 0.02, 0.09, 0.09, 0.07, 0.11, 0.3, 0.47, 0.63, 0.74, 0.72, 0.8, 0.79, 0.83, 0.93, 0.87, 0.95, 0.86, 0.88, 0.78, 0.72, 0.62, 0.44, 0.21]"
50,lifesimmings200,LSDoesTikTok,"female
duets are open to nice people
Don't Like Me, Block Me","TikTok user. Bio: female
duets are open to nice people
Don't Like Me, Block Me",17600,[],[],"[0.1, 0.02, 0.03, 0.04, 0.04, 0.15, 0.29, 0.53, 0.63, 0.68, 0.68, 0.79, 0.76, 0.85, 0.94, 0.91, 0.88, 0.94, 0.92, 0.79, 0.7, 0.6, 0.44, 0.21]"
51,lyllistapper,Lylli,"yeet or be yeeted 

a recipe for not good

lylli@a3artistsagency.com","TikTok user. Bio: yeet or be yeeted 

a recipe for not good

lylli@a3artistsagency.com",2400000,[],[],"[0.12, 0.0, 0.03, 0.06, 0.03, 0.14, 0.27, 0.49, 0.61, 0.7, 0.67, 0.77, 0.81, 0.77, 0.89, 0.85, 0.88, 0.88, 0.89, 0.76, 0.73, 0.62, 0.41, 0.22]"
52,syedsmarts,Ⓢⓨⓔⓓ ⓢⓜⓐⓡⓣ,"🤔Nala payan😜
qatar boys🇧🇭 doha🇧🇭","TikTok user. Bio: 🤔Nala payan😜
qatar boys🇧🇭 doha🇧🇭",3122,[],[],"[0.08, 0.0, 0.0, 0.02, 0.0, 0.06, 0.16, 0.55, 0.45, 0.3, 0.41, 0.53, 0.63, 0.49, 0.53, 0.59, 0.74, 0.82, 0.79, 0.74, 0.59, 0.36, 0.18, 0.09]"
53,bamsbambi,Rubi,Hairpage | ~ @sweetbambishair,TikTok user. Bio: Hairpage | ~ @sweetbambishair,9030,[],[],"[0.08, 0.03, 0.01, 0.0, 0.02, 0.05, 0.23, 0.48, 0.4, 0.28, 0.36, 0.48, 0.55, 0.49, 0.49, 0.61, 0.74, 0.77, 0.79, 0.72, 0.61, 0.41, 0.2, 0.11]"
54,dr.stov,dr.stov,"316🛫
Sc- dr.stov","TikTok user. Bio: 316🛫
Sc- dr.stov",9074,[],[],"[0.04, 0.01, 0.0, 0.01, 0.0, 0.1, 0.23, 0.53, 0.42, 0.25, 0.39, 0.49, 0.57, 0.53, 0.51, 0.64, 0.68, 0.78, 0.82, 0.75, 0.58, 0.37, 0.17, 0.07]"
55,viperajlx,Daniel’s Wife 🫂,"✨Female, 24 ✨
👾 Twitch Affiliate 👾
www.twitch.tv/viperajlx","TikTok user. Bio: ✨Female, 24 ✨
👾 Twitch Affiliate 👾
www.twitch.tv/viperajlx",457,[],[],"[0.01, 0.07, 0.01, 0.0, 0.01, 0.03, 0.24, 0.45, 0.36, 0.33, 0.36, 0.53, 0.55, 0.51, 0.53, 0.64, 0.75, 0.8, 0.79, 0.74, 0.59, 0.41, 0.15, 0.13]"
56,vavamah,@mahivava,"mahi.
23.6.1993
ഇടപ്പോൺകാരൻ 
fb. mahivava","TikTok user. Bio: mahi.
23.6.1993
ഇടപ്പോൺകാരൻ 
fb. mahivava",18100,[],[],"[0.15, 0.03, 0.07, 0.02, 0.04, 0.13, 0.27, 0.5, 0.64, 0.69, 0.68, 0.76, 0.83, 0.76, 0.91, 0.9, 0.93, 0.88, 0.89, 0.84, 0.72, 0.62, 0.35, 0.15]"
57,dead.flower_,Steph 🧚🏼‍♀️💜,"just for fun 
🇸🇻/🇭🇳","TikTok user. Bio: just for fun 
🇸🇻/🇭🇳",39900,[],[],"[0.06, 0.02, 0.04, 0.03, 0.06, 0.1, 0.33, 0.54, 0.6, 0.69, 0.66, 0.84, 0.79, 0.81, 0.87, 0.89, 0.9, 0.86, 0.94, 0.77, 0.74, 0.56, 0.45, 0.16]"
58,larosalia2002,larosalia2002,insta larosalia2002,TikTok user. Bio: insta larosalia2002,180200,[],[],"[0.09, 0.05, 0.05, 0.01, 0.06, 0.08, 0.28, 0.49, 0.63, 0.75, 0.73, 0.79, 0.77, 0.8, 0.93, 0.88, 0.92, 0.88, 0.85, 0.84, 0.67, 0.58, 0.41, 0.21]"
59,d_e_s_i_c_h_o_r_a_,👑|_ᗪᗴՏI _ᑕᕼOᖇᗩ_|👑,"🙏JÁÝ MÁÁ MÒĢÀL🙏
🙏JÂÝ ĞØĞÁ🙏
👑ĶĪŃĞ ŐF ĐÂĻÍŤ👑
16 DECEMBER
😊 ŤÑX FØŘ §ÁPPÓŘŤ?","TikTok user. Bio: 🙏JÁÝ MÁÁ MÒĢÀL🙏
🙏JÂÝ ĞØĞÁ🙏
👑ĶĪŃĞ ŐF ĐÂĻÍŤ👑
16 DECEMBER
😊 ŤÑX FØŘ §ÁPPÓŘŤ?",7000,[],[],"[0.09, 0.0, 0.05, 0.0, 0.02, 0.03, 0.18, 0.51, 0.37, 0.31, 0.41, 0.49, 0.59, 0.5, 0.47, 0.56, 0.66, 0.8, 0.76, 0.68, 0.63, 0.38, 0.16, 0.13]"
60,x_dristawastaken_x,gaymer 🇺🇦,"november 8th 2020-may 6, 2022
they/she
capcut/funimate
340K LIKES BRO WHAT","TikTok user. Bio: november 8th 2020-may 6, 2022
they/she
capcut/funimate
340K LIKES BRO WHAT",10400,[],[],"[0.08, 0.02, 0.03, 0.07, 0.06, 0.09, 0.29, 0.45, 0.57, 0.66, 0.72, 0.84, 0.78, 0.85, 0.86, 0.9, 0.88, 0.87, 0.9, 0.81, 0.71, 0.56, 0.41, 0.23]"
61,skdladiesfashionwear,SKD ladies fashion wear,"clothing brand. 👗 👜
viber/9840069710 “call 9823628219""
@skd_ladies_fashion_wea","TikTok user. Bio: clothing brand. 👗 👜
viber/9840069710 “call 9823628219""
@skd_ladies_fashion_wea",709,[],[],"[0.08, 0.0, 0.05, 0.01, 0.06, 0.0, 0.24, 0.51, 0.38, 0.28, 0.36, 0.5, 0.64, 0.5, 0.5, 0.64, 0.72, 0.76, 0.75, 0.72, 0.62, 0.35, 0.2, 0.09]"
62,crimes4ranboo,😱,"was gay.ranboo.live 
thank you for 4,219 <3
they/them
ranboo my beloved <3","TikTok user. Bio: was gay.ranboo.live 
thank you for 4,219 <3
they/them
ranboo my beloved <3",4728,[],[],"[0.0, 0.02, 0.04, 0.0, 0.02, 0.03, 0.2, 0.47, 0.37, 0.35, 0.41, 0.45, 0.65, 0.52, 0.52, 0.59, 0.67, 0.85, 0.77, 0.65, 0.64, 0.44, 0.25, 0.11]"
63,andysuzukii,andysuzukii,"Instagram ♥️: @andysuzukii
🇪🇨","TikTok user. Bio: Instagram ♥️: @andysuzukii
🇪🇨",468700,[],[],"[0.11, 0.04, 0.0, 0.05, 0.02, 0.1, 0.28, 0.5, 0.6, 0.67, 0.66, 0.8, 0.83, 0.82, 0.94, 0.9, 0.91, 0.85, 0.94, 0.81, 0.74, 0.64, 0.42, 0.24]"
64,bylilibet,Lilibet,"Helping you be a gym baddie 💪
NASM CPT 🫵
EHPlabs athlete “LILIBET” 🔋","TikTok user. Bio: Helping you be a gym baddie 💪
NASM CPT 🫵
EHPlabs athlete “LILIBET” 🔋",68700,[],[],"[0.09, 0.06, 0.06, 0.04, 0.05, 0.08, 0.28, 0.48, 0.6, 0.69, 0.72, 0.8, 0.81, 0.77, 0.85, 0.87, 0.85, 0.91, 0.87, 0.79, 0.71, 0.55, 0.35, 0.19]"
65,brandyngrams,Brandy n Grams ❤️❤️😜,"Always entertaining
Cashapp $6667bdiddy","TikTok user. Bio: Always entertaining
Cashapp $6667bdiddy",80800,[],[],"[0.07, 0.0, 0.03, 0.02, 0.03, 0.07, 0.32, 0.53, 0.6, 0.67, 0.67, 0.8, 0.76, 0.81, 0.9, 0.92, 0.92, 0.87, 0.86, 0.84, 0.67, 0.56, 0.43, 0.16]"
66,bobemad.o,Bob Emad,"Bob hena 🇾🇪
تعالو كلكوً انستجرام bob.emad.0
100k soon ❤️❤️","TikTok user. Bio: Bob hena 🇾🇪
تعالو كلكوً انستجرام bob.emad.0
100k soon ❤️❤️",65800,[],[],"[0.07, 0.01, 0.04, 0.07, 0.02, 0.08, 0.33, 0.51, 0.6, 0.7, 0.66, 0.83, 0.78, 0.75, 0.92, 0.94, 0.9, 0.9, 0.92, 0.81, 0.69, 0.55, 0.37, 0.24]"
67,pipilovepink,pipilovepink,twitch配信者🎀インスタ→(@pipilovepink)もtiktokもフォローしてくれたら嬉しいです❤︎,TikTok user. Bio: twitch配信者🎀インスタ→(@pipilovepink)もtiktokもフォローしてくれたら嬉しいです❤︎,60200,[],[],"[0.1, 0.09, 0.07, 0.03, 0.01, 0.09, 0.27, 0.54, 0.62, 0.65, 0.73, 0.81, 0.78, 0.78, 0.87, 0.89, 0.88, 0.85, 0.89, 0.79, 0.65, 0.65, 0.39, 0.2]"
68,albertbarrientos3,ALBERT 🇵🇭,🇵🇭,TikTok user. Bio: 🇵🇭,24200,[],[],"[0.62, 0.74, 0.73, 0.83, 0.85, 0.8, 0.9, 0.95, 0.93, 0.91, 0.87, 0.77, 0.65, 0.57, 0.4, 0.22, 0.08, 0.0, 0.06, 0.01, 0.06, 0.08, 0.33, 0.46]"
69,michallaxoxo,MichallaXoXo,"Spreading smiles is beautiful 😁
*.*~25~*.*","TikTok user. Bio: Spreading smiles is beautiful 😁
*.*~25~*.*",38900,[],[],"[0.08, 0.08, 0.04, 0.08, 0.06, 0.08, 0.26, 0.46, 0.62, 0.72, 0.72, 0.83, 0.76, 0.78, 0.92, 0.88, 0.9, 0.87, 0.88, 0.8, 0.7, 0.58, 0.38, 0.22]"
70,sukhpalc1,Sukhpal cheema,Facebook - Sukhpal cheema,TikTok user. Bio: Facebook - Sukhpal cheema,11300,[],[],"[0.14, 0.09, 0.06, 0.09, 0.03, 0.06, 0.34, 0.49, 0.6, 0.7, 0.69, 0.78, 0.81, 0.78, 0.85, 0.92, 0.87, 0.87, 0.92, 0.76, 0.68, 0.64, 0.45, 0.25]"
71,nwr179,9wn,لقى,TikTok user. Bio: لقى,94,[],[],"[0.02, 0.01, 0.04, 0.0, 0.05, 0.08, 0.22, 0.55, 0.43, 0.27, 0.38, 0.52, 0.56, 0.51, 0.46, 0.64, 0.67, 0.85, 0.83, 0.69, 0.58, 0.39, 0.21, 0.08]"
72,gneaxb_788,ايمي,نهاية حلوة لبداية جديدة,TikTok user. Bio: نهاية حلوة لبداية جديدة,201,[],[],"[0.01, 0.04, 0.01, 0.0, 0.0, 0.06, 0.22, 0.47, 0.36, 0.3, 0.39, 0.54, 0.59, 0.47, 0.49, 0.61, 0.71, 0.83, 0.81, 0.71, 0.59, 0.37, 0.22, 0.09]"
73,sivapavi36,siv@,hii,TikTok user. Bio: hii,568,[],[],"[0.06, 0.02, 0.01, 0.02, 0.01, 0.02, 0.17, 0.51, 0.43, 0.28, 0.39, 0.51, 0.57, 0.54, 0.47, 0.61, 0.68, 0.84, 0.84, 0.66, 0.65, 0.35, 0.15, 0.1]"
74,sitiomusical,SITIO MUSICAL,"SITIO MUSICAL, EL PORTAL DE TODOS LOS GÉNEROS 🇨🇴 CEO : GENIS VERGEL","TikTok user. Bio: SITIO MUSICAL, EL PORTAL DE TODOS LOS GÉNEROS 🇨🇴 CEO : GENIS VERGEL",106800,[],[],"[0.07, 0.08, 0.09, 0.03, 0.02, 0.13, 0.32, 0.52, 0.62, 0.66, 0.74, 0.8, 0.76, 0.76, 0.88, 0.85, 0.92, 0.86, 0.89, 0.83, 0.65, 0.6, 0.43, 0.23]"
75,tot_t893,نۣۗہوۣشۣۗہهۣۗہ 🍁❀,كون كل شمس الايسططيع احد الوصول اليه💥💎,TikTok user. Bio: كون كل شمس الايسططيع احد الوصول اليه💥💎,3775,[],[],"[0.06, 0.0, 0.05, 0.05, 0.03, 0.05, 0.17, 0.51, 0.39, 0.34, 0.41, 0.52, 0.64, 0.52, 0.47, 0.58, 0.67, 0.76, 0.77, 0.72, 0.65, 0.36, 0.17, 0.08]"
76,seanyforreal,Sean Dhondt,"TV host for VTM 🇧🇪
Radio host @ Qmusic
👇MY NEW SONG ‘GUCCI CHAMPAGNE’🥂☀️","TikTok user. Bio: TV host for VTM 🇧🇪
Radio host @ Qmusic
👇MY NEW SONG ‘GUCCI CHAMPAGNE’🥂☀️",90600,[],[],"[0.08, 0.08, 0.03, 0.02, 0.01, 0.15, 0.34, 0.54, 0.56, 0.73, 0.74, 0.77, 0.82, 0.79, 0.93, 0.94, 0.87, 0.93, 0.89, 0.85, 0.72, 0.61, 0.43, 0.2]"
77,mrskarib,MrsKariB,"Hi 👋 I’m Kari
The mom of 4 teens…
💌 karib@sunandskyentertainment.com","TikTok user. Bio: Hi 👋 I’m Kari
The mom of 4 teens…
💌 karib@sunandskyentertainment.com",1300000,[],[],"[0.14, 0.06, 0.08, 0.01, 0.01, 0.13, 0.28, 0.5, 0.57, 0.7, 0.69, 0.82, 0.83, 0.81, 0.88, 0.88, 0.92, 0.89, 0.86, 0.82, 0.7, 0.57, 0.35, 0.18]"
78,billa.0039,0039,Laugh with many dont Trust Any🔥,TikTok user. Bio: Laugh with many dont Trust Any🔥,10300,[],[],"[0.81, 0.67, 0.64, 0.39, 0.17, 0.05, 0.07, 0.08, 0.08, 0.1, 0.09, 0.33, 0.47, 0.56, 0.7, 0.72, 0.84, 0.82, 0.77, 0.9, 0.92, 0.88, 0.94, 0.94]"
79,nbeil10,نبيل الشمري,الماله يمك مصلحه يكطع وياك السلام,TikTok user. Bio: الماله يمك مصلحه يكطع وياك السلام,193,[],[],"[0.05, 0.02, 0.01, 0.0, 0.04, 0.03, 0.23, 0.53, 0.35, 0.27, 0.42, 0.53, 0.63, 0.5, 0.51, 0.6, 0.68, 0.77, 0.78, 0.68, 0.57, 0.39, 0.2, 0.05]"
80,nea._nea._,Nea,Instagram- Neagucci,TikTok user. Bio: Instagram- Neagucci,243,[],[],"[0.05, 0.04, 0.0, 0.03, 0.05, 0.07, 0.17, 0.48, 0.38, 0.26, 0.45, 0.46, 0.58, 0.5, 0.53, 0.57, 0.73, 0.79, 0.83, 0.65, 0.62, 0.38, 0.18, 0.09]"
81,ndjfjgkdfkgfcefgtfrfrf_3,Bomgik VALERA.,Бомжик в деле,TikTok user. Bio: Бомжик в деле,342,[],[],"[0.04, 0.0, 0.05, 0.05, 0.04, 0.01, 0.17, 0.5, 0.36, 0.33, 0.39, 0.49, 0.63, 0.51, 0.47, 0.6, 0.66, 0.79, 0.8, 0.72, 0.65, 0.41, 0.19, 0.14]"
82,wissam_albokai,وسام 💎,"👽Subscribe my YouTube channel 👽
🪬","TikTok user. Bio: 👽Subscribe my YouTube channel 👽
🪬",911000,[],[],"[0.08, 0.06, 0.06, 0.08, 0.05, 0.15, 0.35, 0.53, 0.57, 0.66, 0.71, 0.81, 0.81, 0.85, 0.88, 0.93, 0.92, 0.9, 0.86, 0.76, 0.74, 0.61, 0.36, 0.18]"
83,user594924259710,thet,မပြည့်စုံတဲ့ဘဝကိုပိုင်ဆိုင်ထားတယ်😒😇,TikTok user. Bio: မပြည့်စုံတဲ့ဘဝကိုပိုင်ဆိုင်ထားတယ်😒😇,3295,[],[],"[0.03, 0.04, 0.03, 0.04, 0.04, 0.04, 0.19, 0.52, 0.38, 0.28, 0.41, 0.45, 0.59, 0.53, 0.5, 0.56, 0.69, 0.83, 0.78, 0.74, 0.57, 0.35, 0.17, 0.12]"
84,user582gf34ov5,جيمي المنسي,جيمي منسي,TikTok user. Bio: جيمي منسي,151,[],[],"[0.0, 0.01, 0.0, 0.02, 0.06, 0.01, 0.17, 0.48, 0.39, 0.26, 0.38, 0.5, 0.65, 0.48, 0.52, 0.6, 0.74, 0.84, 0.84, 0.66, 0.61, 0.37, 0.16, 0.15]"
85,0ll5eee,• عـَمـوريَ 💙₎⇣˝,"حلمي 10k🙄🤲
انستاا. 0ll5ee","TikTok user. Bio: حلمي 10k🙄🤲
انستاا. 0ll5ee",91,[],[],"[0.06, 0.02, 0.0, 0.03, 0.0, 0.05, 0.19, 0.49, 0.42, 0.31, 0.44, 0.47, 0.59, 0.54, 0.47, 0.57, 0.68, 0.8, 0.78, 0.65, 0.59, 0.42, 0.23, 0.08]"
86,0qqh1,AHMED🌝💖,💗💖🤍 〆,TikTok user. Bio: 💗💖🤍 〆,14,[],[],"[0.02, 0.0, 0.0, 0.04, 0.0, 0.07, 0.21, 0.49, 0.44, 0.3, 0.38, 0.53, 0.63, 0.53, 0.53, 0.56, 0.68, 0.77, 0.79, 0.74, 0.58, 0.42, 0.24, 0.08]"
87,noopur.biswas84gm,noopur.biswas84gmail,"Instagram @havecouragetobeyou
fbpg https://www.facebook.com/Noopur-Singh-Saatwat","TikTok user. Bio: Instagram @havecouragetobeyou
fbpg https://www.facebook.com/Noopur-Singh-Saatwat",96700,[],[],"[0.12, 0.1, 0.1, 0.01, 0.02, 0.14, 0.3, 0.52, 0.64, 0.71, 0.72, 0.78, 0.77, 0.79, 0.89, 0.93, 0.88, 0.88, 0.95, 0.76, 0.69, 0.59, 0.36, 0.17]"
88,kaylahsuzannepage,Kaylah,"Aussie 🇦🇺  
FOLLOW ME ON INSTA - kaysuzanne_
Mumma to Bella🦋","TikTok user. Bio: Aussie 🇦🇺  
FOLLOW ME ON INSTA - kaysuzanne_
Mumma to Bella🦋",25900,[],[],"[0.74, 0.75, 0.76, 0.84, 0.9, 0.94, 0.88, 0.89, 0.91, 0.76, 0.73, 0.58, 0.41, 0.15, 0.11, 0.05, 0.05, 0.09, 0.07, 0.12, 0.32, 0.47, 0.57, 0.7]"
89,sydneypaschall,Sydney Paschall,22,TikTok user. Bio: 22,5232,[],[],"[0.05, 0.0, 0.0, 0.0, 0.02, 0.0, 0.17, 0.5, 0.36, 0.29, 0.44, 0.49, 0.56, 0.52, 0.46, 0.59, 0.72, 0.76, 0.83, 0.66, 0.61, 0.36, 0.2, 0.14]"
90,improvvlove,вдовьи плети,"‼️лайкнешь больше 4 видео - блок‼️
-скажите 300-
-отсоси у карикатуриста-","TikTok user. Bio: ‼️лайкнешь больше 4 видео - блок‼️
-скажите 300-
-отсоси у карикатуриста-",15100,[],[],"[0.07, 0.02, 0.1, 0.09, 0.02, 0.08, 0.28, 0.51, 0.58, 0.71, 0.71, 0.81, 0.79, 0.78, 0.87, 0.91, 0.93, 0.9, 0.92, 0.83, 0.71, 0.59, 0.36, 0.23]"
91,bs_935,FREE FIRE,"🤙начинающий тик токер🤙
      💣по фри фаеру💣","TikTok user. Bio: 🤙начинающий тик токер🤙
      💣по фри фаеру💣",92,[],[],"[0.02, 0.0, 0.0, 0.0, 0.0, 0.07, 0.22, 0.5, 0.44, 0.31, 0.45, 0.46, 0.58, 0.48, 0.52, 0.64, 0.66, 0.76, 0.81, 0.72, 0.55, 0.39, 0.19, 0.06]"
92,bs_495,bs_494,подписываюсь только на подписчиков,TikTok user. Bio: подписываюсь только на подписчиков,51,[],[],"[0.09, 0.05, 0.0, 0.01, 0.0, 0.09, 0.19, 0.5, 0.39, 0.34, 0.42, 0.53, 0.58, 0.53, 0.49, 0.58, 0.69, 0.83, 0.84, 0.72, 0.63, 0.44, 0.17, 0.09]"
93,er.graciee,Graciela 🦋,"• espinalgraciela@gmail.com 💌
Sharing my style ✨","TikTok user. Bio: • espinalgraciela@gmail.com 💌
Sharing my style ✨",11500,[],[],"[0.11, 0.07, 0.03, 0.1, 0.05, 0.12, 0.35, 0.53, 0.6, 0.72, 0.67, 0.79, 0.83, 0.79, 0.9, 0.92, 0.87, 0.86, 0.91, 0.81, 0.74, 0.56, 0.41, 0.19]"
94,awanzada410,👑حنظلہ اعوان👑,"پیار سے بھرے سپنوں کی کتاب ہو تم💞
رشتوں کے پھولوں میں کھلتا گلاب ہو تم💞H😘S","TikTok user. Bio: پیار سے بھرے سپنوں کی کتاب ہو تم💞
رشتوں کے پھولوں میں کھلتا گلاب ہو تم💞H😘S",775,[],[],"[0.07, 0.03, 0.03, 0.0, 0.01, 0.04, 0.2, 0.46, 0.45, 0.3, 0.45, 0.48, 0.63, 0.48, 0.48, 0.63, 0.68, 0.85, 0.75, 0.7, 0.62, 0.38, 0.16, 0.11]"
95,avwxyzc,avwxyzc,"23
Michoacán🇲🇽","TikTok user. Bio: 23
Michoacán🇲🇽",169,[],[],"[0.83, 0.69, 0.57, 0.4, 0.18, 0.06, 0.02, 0.0, 0.05, 0.03, 0.01, 0.09, 0.22, 0.5, 0.43, 0.35, 0.4, 0.55, 0.6, 0.5, 0.48, 0.65, 0.68, 0.79]"
96,ndangoo,Ast✨,"✨✨✨✨✨
Klik link nya","TikTok user. Bio: ✨✨✨✨✨
Klik link nya",55900,[],[],"[0.84, 0.72, 0.65, 0.41, 0.22, 0.07, 0.09, 0.08, 0.09, 0.07, 0.06, 0.26, 0.51, 0.61, 0.65, 0.68, 0.78, 0.8, 0.78, 0.88, 0.86, 0.85, 0.89, 0.92]"
97,user46obyhbn3o,фнаф,CAPCUP,TikTok user. Bio: CAPCUP,231,[],[],"[0.08, 0.07, 0.0, 0.0, 0.04, 0.03, 0.25, 0.54, 0.37, 0.28, 0.37, 0.48, 0.58, 0.54, 0.46, 0.57, 0.67, 0.76, 0.79, 0.68, 0.56, 0.43, 0.21, 0.11]"
98,ica_poetry.reaal,Ica Poetry,"Akun Real Ica ya
SPIN JACKPOT 9999 DIAMOND GRATIS LINK DI BAWAH
 👇👇👇👇👇","TikTok user. Bio: Akun Real Ica ya
SPIN JACKPOT 9999 DIAMOND GRATIS LINK DI BAWAH
 👇👇👇👇👇",8848,[],[],"[0.07, 0.03, 0.0, 0.04, 0.01, 0.01, 0.19, 0.49, 0.38, 0.26, 0.39, 0.49, 0.64, 0.48, 0.53, 0.65, 0.69, 0.82, 0.85, 0.69, 0.62, 0.38, 0.25, 0.12]"
99,dyer2uxsx2np,محمد كمال,محمد كمال,TikTok user. Bio: محمد كمال,3800,[],[],"[0.07, 0.02, 0.04, 0.0, 0.04, 0.06, 0.18, 0.45, 0.45, 0.25, 0.43, 0.52, 0.59, 0.5, 0.54, 0.59, 0.75, 0.8, 0.76, 0.73, 0.57, 0.41, 0.18, 0.13]"
100,nayacce0712,SIBIRU🕊️,"*mungkin redha itu pahit*
*TERENGGANU*","TikTok user. Bio: *mungkin redha itu pahit*
*TERENGGANU*",7149,[],[],"[0.05, 0.0, 0.0, 0.04, 0.0, 0.01, 0.22, 0.53, 0.36, 0.31, 0.44, 0.47, 0.57, 0.46, 0.47, 0.65, 0.73, 0.77, 0.83, 0.68, 0.59, 0.44, 0.23, 0.08]"
101,dnginfluencers,D&G Influencers,Influencer Management Agency 💓,TikTok user. Bio: Influencer Management Agency 💓,2043,[],[],"[0.05, 0.03, 0.0, 0.0, 0.03, 0.08, 0.18, 0.54, 0.42, 0.27, 0.41, 0.49, 0.57, 0.53, 0.55, 0.57, 0.66, 0.81, 0.82, 0.68, 0.62, 0.4, 0.15, 0.06]"
102,maggievillamaria,Maggie Villamaria,"NYC FASHION + ARTIST + JEWELRY DESIGNER
maggievillamariamgmt@gmail.com
MY FITS⬇️","TikTok user. Bio: NYC FASHION + ARTIST + JEWELRY DESIGNER
maggievillamariamgmt@gmail.com
MY FITS⬇️",12800,[],[],"[0.76, 0.71, 0.55, 0.41, 0.23, 0.11, 0.07, 0.03, 0.07, 0.06, 0.13, 0.27, 0.48, 0.59, 0.7, 0.7, 0.84, 0.77, 0.79, 0.93, 0.88, 0.9, 0.88, 0.86]"
103,alfredinho.alfred,Alfredinho,"Um chihuahua feliz e cheio de caras e bocas.
Made in Pernambuco 🇧🇷","TikTok user. Bio: Um chihuahua feliz e cheio de caras e bocas.
Made in Pernambuco 🇧🇷",65700,[],[],"[0.61, 0.39, 0.21, 0.09, 0.02, 0.02, 0.08, 0.06, 0.1, 0.33, 0.53, 0.58, 0.67, 0.69, 0.84, 0.82, 0.81, 0.92, 0.85, 0.88, 0.89, 0.9, 0.84, 0.73]"
104,gr00vy_gr00v3,☆🐺Jess🐺☆,"INTP-T
⁉️KNY||DSAF||FNAF‼️","TikTok user. Bio: INTP-T
⁉️KNY||DSAF||FNAF‼️",1160,[],[],"[0.73, 0.56, 0.42, 0.22, 0.12, 0.01, 0.0, 0.04, 0.0, 0.0, 0.08, 0.19, 0.55, 0.4, 0.32, 0.41, 0.45, 0.58, 0.53, 0.49, 0.57, 0.69, 0.84, 0.77]"
105,soso_adlb_12,بنت ادلب💚,الَمزاجية .. لعنة الجميلات🧚‍♀️💃,TikTok user. Bio: الَمزاجية .. لعنة الجميلات🧚‍♀️💃,610,[],[],"[0.01, 0.0, 0.05, 0.0, 0.01, 0.01, 0.18, 0.45, 0.4, 0.34, 0.41, 0.47, 0.58, 0.46, 0.5, 0.6, 0.73, 0.82, 0.81, 0.69, 0.6, 0.37, 0.17, 0.06]"
106,berfinvdz2,Berfinvdz,"Yedekten takipte ❤️🧚‍♀️ 7vb,2yb,1y,filiz 1vb","TikTok user. Bio: Yedekten takipte ❤️🧚‍♀️ 7vb,2yb,1y,filiz 1vb",1089,[],[],"[0.0, 0.07, 0.0, 0.02, 0.05, 0.07, 0.25, 0.54, 0.44, 0.34, 0.39, 0.47, 0.63, 0.54, 0.45, 0.56, 0.67, 0.75, 0.8, 0.73, 0.6, 0.37, 0.19, 0.11]"
107,v..b9,بو سعيد 🥺,سيرفر CFW,TikTok user. Bio: سيرفر CFW,4983,[],[],"[0.02, 0.05, 0.02, 0.0, 0.0, 0.02, 0.18, 0.45, 0.37, 0.31, 0.45, 0.52, 0.62, 0.47, 0.5, 0.57, 0.73, 0.83, 0.76, 0.74, 0.56, 0.4, 0.16, 0.1]"
108,v.elenai,Елена,переходи по ссылке,TikTok user. Bio: переходи по ссылке,313,[],[],"[0.02, 0.0, 0.02, 0.0, 0.03, 0.07, 0.24, 0.46, 0.41, 0.26, 0.38, 0.5, 0.64, 0.5, 0.45, 0.62, 0.75, 0.77, 0.81, 0.72, 0.58, 0.36, 0.22, 0.06]"
109,valeria454o,Tik Tok,Jequiti,TikTok user. Bio: Jequiti,5576,[],[],"[0.06, 0.02, 0.03, 0.0, 0.04, 0.07, 0.19, 0.55, 0.36, 0.29, 0.36, 0.48, 0.65, 0.54, 0.5, 0.64, 0.68, 0.81, 0.8, 0.65, 0.64, 0.38, 0.23, 0.05]"
110,fe5ro5ty,امي وابي اغلي حاجة في الدنيا,ربنا يخلي عائلتي 😍,TikTok user. Bio: ربنا يخلي عائلتي 😍,10,[],[],"[0.01, 0.04, 0.0, 0.02, 0.03, 0.07, 0.25, 0.51, 0.4, 0.26, 0.39, 0.48, 0.56, 0.45, 0.49, 0.6, 0.65, 0.81, 0.76, 0.69, 0.58, 0.43, 0.21, 0.09]"
111,highsnobiety,highsnobiety,"Welcome to #SnobTok, your go-to place for all things fashion & streetwear 😈","TikTok user. Bio: Welcome to #SnobTok, your go-to place for all things fashion & streetwear 😈",840900,[],[],"[0.11, 0.02, 0.04, 0.08, 0.03, 0.06, 0.25, 0.49, 0.57, 0.68, 0.75, 0.77, 0.76, 0.82, 0.91, 0.88, 0.9, 0.86, 0.86, 0.84, 0.73, 0.63, 0.43, 0.25]"
112,zara_kabirrr,zara:),"22 | dtx
🤎","TikTok user. Bio: 22 | dtx
🤎",20700,[],[],"[0.09, 0.06, 0.1, 0.01, 0.08, 0.13, 0.26, 0.53, 0.64, 0.72, 0.65, 0.85, 0.78, 0.76, 0.89, 0.85, 0.92, 0.95, 0.93, 0.78, 0.69, 0.63, 0.36, 0.2]"
113,aaronisaacyo,Aaron Isaac 👑,"Aaronisaacmgmt@gmail.com
Travelling the country in a car 🚗","TikTok user. Bio: Aaronisaacmgmt@gmail.com
Travelling the country in a car 🚗",143000,[],[],"[0.14, 0.01, 0.09, 0.04, 0.01, 0.11, 0.33, 0.49, 0.62, 0.72, 0.72, 0.83, 0.81, 0.85, 0.86, 0.93, 0.93, 0.88, 0.93, 0.8, 0.7, 0.56, 0.44, 0.22]"

